живой приятный,2
груша светло,2
приятный сухой,2
раскрываться экзотический,2
груша фруктовый,2
бледно цветок,2
золотистый мускат,2
кислинка лёгкое,2
бархатистый букет,2
зелёный насыщенный,2
белых пряный,2
дополнить перец,2
малин мясо,2
малин продолжительный,2
который особенно,2
дополнить раскрывать,2
пряный раскрываться,2
великолепный который,2
бархатистый прекрасно,2
великолепный жаркое,2
жёлтый золотисто,2
насыщенный раскрывать,2
гармоничный продолжительный,2
анисовый цитрусовый,2
золотистый особенно,2
блеск великолепный,2
который перец,2
персик сбалансированный,2
ежевика ягодный,2
переспелый фиалка,2
дополнить яблоко,2
глубокий зеленоватый,2
вкус лёгкое,2
бархатистый среднетелый,2
перец чернослив,2
бледно послевкусие,2
бокал фрукт,2
белых типичный,2
золотистый яркий,2
зелёный миндаль,2
золотистый структурировать,2
золотистый слышный,2
который танин,2
долг миндаль,2
танин фруктовый,2
вино свежескошенный,2
золотисто тонкий,2
живой кислинка,2
лакрица сбалансированный,2
ежевика кислотность,2
кислинка структурировать,2
ощутимый фиалка,2
лайм освежать,2
лёгкое танин,2
искриться фруктовый,2
устойчивый яблоко,2
кислотность мёд,2
анисовый аромат,2
бокал глубокий,2
наслаждаться хотеться,2
блик вкус,2
анисовый цветок,2
лёгкое минеральный,2
зеленоватый тропический,2
красный лайм,2
жёлтый черносмородиновый,2
лист трава,2
жёлтый хлебный,2
жёлтый лист,2
красный крыжовник,2
гармоничный малин,2
абрикос послевкусие,2
бриошь светло,2
день мускат,2
раскрывать светло,2
блеск раскрывать,2
малин насыщенный,2
вино слышный,2
великолепный день,2
который цветок,2
бриошь жёлтый,2
блик дополнить,2
искриться смородина,2
долг кислотность,2
ежевика насыщенный,2
аромат мясо,2
абрикос фрукт,2
бокал освежать,2
наслаждаться особенно,2
богатый специя,2
минеральный освежать,2
продолжительный среднетелый,2
анисовый освежать,2
золотистый который,2
кислотность мясо,2
делать цитрусовый,2
комплексный прекрасно,2
груша прованский,2
слышный яркий,2
мёд сбалансированный,2
сочный черносмородиновый,2
богатый вино,2
дополнить цукат,2
мясо насыщенный,2
бриошь послевкусие,2
жёлтый прованский,2
послевкусие структурировать,2
структурировать цветок,2
зеленоватый цитрусовый,2
вино прованский,2
ежевика лакрица,2
приятный раскрываться,2
день наслаждаться,2
прекрасно цукат,2
фиалка шоколад,2
мясо послевкусие,2
блик раскрываться,2
день насыщенный,2
лист фруктовый,2
устойчивый фрукт,2
белых цедра,2
бархатистый глубокий,2
зеленоватый черносмородиновый,2
дополнить смородина,2
анисовый груша,2
вкус цукат,2
фруктовый ярка,2
продолжительный раскрываться,2
искриться ягодный,2
крыжовник скосить,2
зеленоватый миндаль,2
великолепный глубокий,2
прованский фруктовый,2
корочка сочный,2
пряный танин,2
золотистый экзотический,2
бодрящий день,2
глубокий лёгкое,2
дополнить ментоловый,2
букет вишня,2
белых элегантный,2
мятый освежать,2
абрикос фруктовый,2
зеленоватый хлебный,2
бархатистый трава,2
нота ягодный,2
аромат вкус,2
светло смородина,2
гармоничный красный,2
зеленоватый крыжовник,2
лайм послевкусие,2
аперитив великолепный,2
абрикос жёлтый,2
послевкусие ярка,2
грейпфрут цитрусовый,2
блеск сухой,2
кислинка ярка,2
букет среднетелый,2
освежать структурировать,2
свежескошенный яркий,2
раскрываться тонкий,2
кислотность приятный,2
великолепный груша,2
цитрусовый цукат,2
слышный цветок,2
глубокий комплексный,2
гармоничный переспелый,2
гармоничный фиалка,2
ежевика сбалансированный,2
аперитив наслаждаться,2
освежать специя,2
кислотность наслаждаться,2
блеск гармоничный,2
делать красный,2
долг экзотический,2
освежать танин,2
вишня ощутимый,2
груша цукат,2
глубокий красный,2
сырой танин,2
долг черносмородиновый,2
бокал зеленоватый,2
красный мускат,2
приятный фруктовый,2
вишня дополнить,2
букет комплексный,2
искриться лакрица,2
фиалка чернослив,2
бриошь кислинка,2
дополнить зеленоватый,2
блеск лайм,2
бриошь золотистый,2
живой яблоко,2
среднетелый сырой,2
перец сбалансированный,2
делать золотистый,2
глубокий прекрасно,2
бархатистый переспелый,2
анисовый вино,2
горчинка сбалансированный,2
абрикос долг,2
кислинка крыжовник,2
дополнить слышный,2
глубокий среднетелый,2
зеленоватый корочка,2
аромат среднетелый,2
переспелый пряный,2
живой лёгкое,2
приятный устойчивый,2
аперитив бодрящий,2
цитрусовый яркий,2
глубокий пряный,2
букет тонкий,2
долг раскрывать,2
глубокий фрукт,2
корочка светло,2
золотистый типичный,2
фруктовый элегантный,2
бархатистый специя,2
букет раскрывать,2
фруктовый экзотический,2
грейпфрут жёлтый,2
чернослив ягодный,2
вкус глубокий,2
вишня чернослив,2
красный среднетелый,2
золотистый наслаждаться,2
гармоничный тонкий,2
долг фрукт,2
богатый фиалка,2
прекрасно светло,2
красный фруктовый,2
вишня мясо,2
освежать среднетелый,2
насыщенный пряный,2
вкус цветок,2
аперитив летний,2
мясо пряный,2
белых фрукт,2
раскрываться устойчивый,2
красный пряный,2
блеск день,2
блик освежать,2
ментоловый слышный,2
специя среднетелый,2
прекрасно цитрусовый,2
живой освежать,2
сбалансированный смородина,2
пряный светло,2
смородина цедра,2
ментоловый цитрусовый,2
блик ментоловый,2
глубокий долг,2
минеральный цветочный,2
ощутимый танин,2
крыжовник цедра,2
мясо раскрываться,2
лист раскрываться,2
долг яблоко,2
гармоничный жёлтый,2
долг персик,2
ежевика танин,2
лист светло,2
прованский яркий,2
жёлтый ментоловый,2
бледно освежать,2
лёгкое сочный,2
белых ярка,2
белых живой,2
светло хлебный,2
красный нота,2
смородина ягодный,2
красный цитрусовый,2
жёлтый структурировать,2
глубокий цитрусовый,2
бодрящий насыщенный,2
миндаль цветок,2
пряный элегантный,2
светло скосить,2
раскрываться тропический,2
золотистый ментоловый,2
прекрасно прованский,2
жаркое особенно,2
ежевика фруктовый,2
анисовый цукат,2
лёгкое хлебный,2
блик цукат,2
приятный хлебный,2
груша слышный,2
бледно блик,2
блеск свежескошенный,2
глубокий груша,2
вкус яркий,2
корочка приятный,2
зелёный персик,2
долг лист,2
белых жаркое,2
гармоничный среднетелый,2
золотистый летний,2
глубокий сырой,2
великолепный хотеться,2
раскрываться сырой,2
кислотность среднетелый,2
великолепный дополнить,2
анисовый великолепный,2
букет долг,2
бриошь горчинка,2
смородина трава,2
красный светло,2
вкус ментоловый,2
бокал свежескошенный,2
цветок цукат,2
сухой ярка,2
анисовый слышный,2
сбалансированный цедра,2
абрикос сочный,2
фрукт цветок,2
блик глубокий,2
тропический цветок,2
комплексный ощутимый,2
вино перец,2
бледно жёлтый,2
живой фруктовый,2
лакрица лёгкое,2
сочный цветок,2
великолепный лёгкое,2
мясо среднетелый,2
глубокий цветок,2
слышный цукат,2
комплексный малин,2
смородина фруктовый,2
аперитив блеск,2
вкус фруктовый,2
гармоничный специя,2
грейпфрут миндаль,2
зелёный цедра,2
вкус слышный,2
освежать сухой,2
глубокий насыщенный,2
живой зелёный,2
блик золотистый,2
глубокий слышный,2
вишня глубокий,2
глубокий экзотический,2
миндаль сбалансированный,2
специя сырой,2
переспелый сырой,2
вино ягодный,2
скосить трава,2
крыжовник смородина,2
блеск структурировать,2
золотистый хотеться,2
золотисто минеральный,2
ежевика послевкусие,2
дополнить зелёный,2
бледно цукат,2
освежать хлебный,2
грейпфрут яблоко,2
глубокий золотистый,2
богатый смородина,2
блик цитрусовый,2
летний хотеться,2
переспелый тонкий,2
блик прекрасно,2
персик тонкий,2
персик элегантный,2
аперитив особенно,2
гармоничный светло,2
бледно вкус,2
долг зелёный,2
мускат наслаждаться,2
персик пряный,2
персик цветок,2
лист освежать,2
среднетелый танин,2
бодрящий красный,2
дополнить миндаль,2
вишня шоколад,2
прекрасно смородина,2
абрикос сбалансированный,2
аперитив золотистый,2
блеск живой,2
белых персик,2
ментоловый прованский,2
лёгкое шоколад,2
бледно цитрусовый,2
трава фиалка,2
трава экзотический,2
бодрящий жаркое,2
комплексный нота,2
глубокий светло,2
день кислотность,2
мясо специя,2
бархатистый продолжительный,2
золотистый сочный,2
аперитив цитрусовый,2
фруктовый цедра,2
искриться комплексный,2
свежескошенный трава,2
ощутимый специя,2
блик фруктовый,2
кислотность мускат,2
глубокий мясо,2
освежать раскрывать,2
долг раскрываться,2
нота чернослив,2
великолепный освежать,2
груша кислотность,2
букет зелёный,2
тонкий трава,2
освежать переспелый,2
белых мускат,2
великолепный яркий,2
кислотность продолжительный,2
типичный цветок,2
бархатистый смородина,2
структурировать трава,2
сбалансированный свежескошенный,2
перец фруктовый,2
сбалансированный ягодный,2
лайм светло,2
кислотность персик,2
зелёный цветок,2
долг сбалансированный,2
лёгкое структурировать,2
цукат яркий,2
вкус жёлтый,2
кислинка раскрываться,2
бархатистый сырой,2
великолепный мускат,2
летний цветок,2
мёд прованский,2
красный летний,2
делать наслаждаться,2
бархатистый чернослив,2
малин среднетелый,2
аромат хлебный,2
сырой фиалка,2
который послевкусие,2
делать кислотность,2
вишня освежать,2
освежать прованский,2
миндаль элегантный,2
жаркое красный,2
груша ментоловый,2
бледно дополнить,2
бледно груша,2
блеск мускат,2
пряный сбалансированный,2
бриошь вино,2
насыщенный прекрасно,2
гармоничный мясо,2
насыщенный особенно,2
кислотность миндаль,2
блеск приятный,2
летний мускат,2
жаркое цитрусовый,2
сухой трава,2
дополнить ягодный,2
великолепный насыщенный,2
вишня сырой,2
который смородина,2
золотисто фруктовый,2
дополнить фиалка,2
пряный среднетелый,2
лист свежескошенный,2
бархатистый дополнить,2
груша яркий,2
живой структурировать,2
фруктовый чернослив,2
переспелый танин,2
лист экзотический,2
минеральный тонкий,2
кислинка мятый,2
аперитив белых,2
структурировать яблоко,2
бодрящий золотистый,2
раскрываться черносмородиновый,2
великолепный сбалансированный,2
букет персик,2
блеск персик,2
фруктовый яблоко,2
крыжовник лайм,2
долг сочный,2
аромат бледно,2
жёлтый пряный,2
вишня кислотность,2
белых тропический,2
блик лёгкое,2
тонкий цветочный,2
хотеться цветок,2
абрикос освежать,2
анисовый прекрасно,2
лайм цедра,2
корочка тонкий,2
прованский раскрываться,2
жаркое цветок,2
зелёный лёгкое,2
танин трава,2
блик послевкусие,2
послевкусие прованский,2
фруктовый ягодный,2
жаркое кислотность,2
золотистый ярка,2
который сбалансированный,2
прованский цитрусовый,2
букет мясо,2
мятый цветок,2
аперитив который,2
лакрица продолжительный,2
лакрица смородина,2
освежать ярка,2
кислинка черносмородиновый,2
цитрусовый яблоко,2
белых который,2
анисовый дополнить,2
бриошь фрукт,2
бокал жёлтый,2
зелёный кислотность,2
блик груша,2
лакрица перец,2
бархатистый богатый,2
бархатистый фиалка,2
вкус прованский,2
глубокий танин,2
мускат особенно,2
корочка лёгкое,2
лайм цветок,2
зелёный кислинка,2
прованский сбалансированный,2
крыжовник трава,2
лёгкое цитрусовый,2
живой послевкусие,2
блеск лёгкое,2
продолжительный чернослив,2
зелёный структурировать,2
перец смородина,2
раскрываться цитрусовый,2
долг трава,2
который хотеться,2
насыщенный перец,2
золотистый сухой,2
вино тропический,2
сбалансированный цитрусовый,2
сухой цветок,2
делать хотеться,2
наслаждаться типичный,2
лёгкое продолжительный,2
среднетелый тонкий,2
бокал лист,2
день жаркое,2
дополнить шоколад,2
дополнить искриться,2
малин раскрываться,2
богатый перец,2
кислотность переспелый,2
малин пряный,2
лёгкое ярка,2
прекрасно ягодный,2
дополнить нота,2
искриться прекрасно,2
глубокий лист,2
абрикос экзотический,2
гармоничный дополнить,2
продолжительный пряный,2
абрикос лист,2
блеск смородина,2
грейпфрут дополнить,2
бархатистый фруктовый,2
мёд прекрасно,2
бокал экзотический,2
вишня лёгкое,2
трава яблоко,2
бархатистый пряный,2
ментоловый прекрасно,2
богатый лёгкое,2
глубокий ментоловый,2
бледно раскрываться,2
бокал черносмородиновый,2
танин ягодный,2
послевкусие сухой,2
вишня переспелый,2
ежевика перец,2
аромат бриошь,2
анисовый бледно,2
свежескошенный черносмородиновый,2
устойчивый цветок,2
зелёный цитрусовый,2
абрикос яркий,2
день который,2
жёлтый свежескошенный,2
мёд цукат,2
жёлтый сухой,2
сбалансированный трава,2
зеленоватый ярка,2
богатый шоколад,2
крыжовник светло,2
белых летний,2
красный ягодный,2
светло устойчивый,2
особенно хотеться,2
глубокий специя,2
белых зелёный,2
кислотность трава,2
жаркое хотеться,2
белых трава,2
лист сбалансированный,2
вино цветочный,2
фруктовый цукат,2
грейпфрут персик,2
аромат ментоловый,2
мускат типичный,2
бокал долг,2
белых великолепный,2
богатый ягодный,2
вино корочка,2
приятный ярка,2
послевкусие раскрывать,2
цветок яркий,2
бледно вино,2
долг дополнить,2
богатый вишня,2
кислотность смородина,2
искриться перец,2
мёд послевкусие,2
сухой яблоко,2
кислинка смородина,2
мятый трава,2
нота сбалансированный,2
комплексный ягодный,2
кислотность чернослив,2
грейпфрут светло,2
послевкусие слышный,2
светло черносмородиновый,2
вишня лакрица,2
послевкусие свежескошенный,2
освежать фиалка,2
лакрица прекрасно,2
корочка послевкусие,2
миндаль тонкий,2
структурировать ярка,2
ментоловый освежать,2
насыщенный фруктовый,2
кислотность малин,2
кислотность ягодный,2
бокал фруктовый,2
белых фруктовый,2
сбалансированный танин,2
бархатистый раскрываться,2
перец танин,2
бархатистый вино,2
блик мёд,2
пряный трава,2
абрикос кислинка,2
вкус золотистый,2
блеск крыжовник,2
слышный фруктовый,2
аперитив типичный,2
жаркое наслаждаться,2
зеленоватый лайм,2
делать летний,2
нота смородина,2
вкус раскрываться,2
богатый нота,2
кислотность ментоловый,2
который наслаждаться,2
мёд цитрусовый,2
приятный экзотический,2
зелёный светло,2
анисовый глубокий,2
аромат переспелый,2
делать цветок,2
смородина цветок,2
прованский слышный,2
кислотность летний,2
гармоничный персик,2
живой ярка,2
дополнить раскрываться,2
жаркое который,2
бокал трава,2
блеск дополнить,2
зеленоватый экзотический,2
анисовый блик,2
гармоничный сырой,2
красный скосить,2
гармоничный глубокий,2
комплексный сырой,2
день хотеться,2
сочный цедра,2
ежевика который,2
красный малин,2
который нота,2
груша тонкий,2
аромат раскрывать,2
трава фрукт,2
гармоничный танин,2
гармоничный миндаль,2
раскрываться танин,2
лист сочный,2
жаркое летний,2
вкус послевкусие,2
специя шоколад,2
бледно кислотность,2
который ягодный,2
жёлтый цукат,2
кислотность слышный,2
белых насыщенный,2
танин шоколад,2
блик слышный,2
кислинка красный,2
белых кислинка,2
бокал раскрываться,2
бледно прованский,2
блеск особенно,2
жёлтый ярка,2
ежевика прекрасно,2
кислотность специя,2
абрикос свежескошенный,2
богатый прекрасно,2
блеск ярка,2
фруктовый черносмородиновый,2
тропический устойчивый,2
мускат хотеться,2
зелёный раскрывать,2
вино вкус,2
букет трава,2
искриться кислотность,2
вишня раскрываться,2
трава яркий,2
свежескошенный экзотический,2
блеск яркий,2
экзотический яркий,2
освежать свежескошенный,2
который фруктовый,2
живой цветок,2
гармоничный зелёный,2
лайм скосить,2
лайм трава,2
бледно мёд,2
день золотистый,2
специя чернослив,2
горчинка яблоко,2
бледно золотистый,2
вино миндаль,2
хотеться цитрусовый,2
кислотность фрукт,2
бархатистый вишня,2
послевкусие элегантный,2
который мускат,2
лакрица фиалка,2
цедра ярка,2
сочный яблоко,2
красный лёгкое,2
летний особенно,2
долг яркий,2
великолепный прованский,2
глубокий свежескошенный,2
смородина сочный,2
типичный цитрусовый,2
малин переспелый,2
бледно глубокий,2
красный сбалансированный,2
блеск бодрящий,2
долг фруктовый,2
золотистый прованский,2
вино танин,2
слышный цитрусовый,2
бокал сбалансированный,2
живой золотистый,2
летний наслаждаться,2
блик вино,2
зелёный приятный,2
аперитив мускат,2
аперитив жаркое,2
блеск который,2
бодрящий наслаждаться,2
который летний,2
раскрываться специя,2
горчинка кислинка,2
который чернослив,2
насыщенный переспелый,2
летний насыщенный,2
кислотность прованский,2
комплексный шоколад,2
букет цитрусовый,2
лакрица шоколад,2
мясо продолжительный,2
тонкий цветок,2
блик кислотность,2
среднетелый фиалка,2
бархатистый малин,2
светло тропический,2
сочный фруктовый,2
красный сочный,2
аперитив насыщенный,2
вино лист,2
блеск наслаждаться,2
золотистый мёд,2
горчинка фрукт,2
жёлтый минеральный,2
груша элегантный,2
бархатистый освежать,2
аромат слышный,2
ежевика искриться,2
вкус груша,2
специя трава,2
освежать черносмородиновый,2
цветочный элегантный,2
горчинка тон,2
букет светло,2
гармоничный пряный,2
делать насыщенный,2
бодрящий который,2
гармоничный раскрывать,2
прекрасно фрукт,2
ментоловый послевкусие,2
раскрываться сочный,2
корочка освежать,2
белых хотеться,2
черносмородиновый яркий,2
абрикос глубокий,2
искриться красный,2
жаркое мускат,2
блик сбалансированный,2
грейпфрут насыщенный,2
переспелый среднетелый,2
переспелый раскрываться,2
горчинка светло,2
нота прекрасно,2
который типичный,2
особенно типичный,2
день красный,2
комплексный освежать,2
малин сырой,2
переспелый послевкусие,2
лайм мятый,2
анисовый сбалансированный,2
бокал вино,2
вишня среднетелый,2
перец послевкусие,2
свежескошенный фруктовый,2
жёлтый мёд,2
комплексный лёгкое,2
тропический яблоко,2
блеск летний,2
глубокий тонкий,2
хлебный яблоко,2
комплексный трава,2
кислинка лайм,2
гармоничный зеленоватый,2
глубокий мёд,2
бодрящий мускат,2
богатый искриться,2
малин фиалка,2
блеск миндаль,2
великолепный раскрываться,2
букет грейпфрут,2
вино лакрица,2
зеленоватый яркий,2
аперитив кислотность,2
красный хотеться,2
глубокий дополнить,2
мятый послевкусие,2
вино долг,2
бледно ментоловый,2
особенно цитрусовый,2
тонкий шоколад,2
мясо фиалка,2
смородина чернослив,2
аромат малин,2
фрукт цедра,2
корочка хлебный,2
типичный хотеться,2
послевкусие ягодный,2
горчинка приятный,2
бодрящий хотеться,2
ментоловый фруктовый,2
дополнить персик,2
крыжовник мятый,2
сухой цедра,2
трава черносмородиновый,2
вино хлебный,2
раскрываться яблоко,2
кислинка скосить,2
бледно лёгкое,2
ежевика смородина,2
букет красный,2
золотистый смородина,2
долг насыщенный,2
мёд фруктовый,2
кислотность типичный,2
малин послевкусие,2
комплексный мясо,2
лёгкое мёд,2
мятый светло,2
вино чернослив,2
мёд яркий,2
вино мёд,2
грейпфрут долг,2
бледно прекрасно,2
красный наслаждаться,2
лёгкое ментоловый,2
делать особенно,2
сухой фруктовый,2
блик великолепный,2
раскрываться среднетелый,2
лёгкое сухой,2
трава ярка,2
блеск грейпфрут,2
лист фрукт,2
комплексный перец,2
жёлтый слышный,2
груша прекрасно,2
пряный фиалка,2
груша цитрусовый,2
аромат устойчивый,2
глубокий малин,2
насыщенный среднетелый,2
глубокий сочный,2
горчинка золотистый,2
букет миндаль,2
бледно яркий,2
который лакрица,2
красный мясо,2
структурировать цедра,2
сырой трава,2
ментоловый цукат,2
великолепный наслаждаться,2
сочный тонкий,2
богатый кислотность,2
сочный фрукт,2
ментоловый яркий,2
вино цедра,2
анисовый фруктовый,2
искриться нота,2
сбалансированный сочный,2
жёлтый корочка,2
зеленоватый сухой,2
сочный хлебный,2
комплексный фруктовый,2
насыщенный раскрываться,2
букет специя,2
живой зеленоватый,2
бриошь цедра,2
нота фруктовый,2
аромат мёд,2
прекрасно слышный,2
гармоничный грейпфрут,2
красный особенно,2
зеленоватый структурировать,2
пряный специя,2
великолепный особенно,2
долг кислинка,2
ежевика красный,2
букет раскрываться,2
золотисто освежать,2
живой жёлтый,2
аперитив день,2
кислинка сухой,2
вино ежевика,2
сбалансированный устойчивый,2
лёгкое прованский,2
нота перец,2
горчинка послевкусие,2
вишня трава,2
светло цитрусовый,2
ментоловый сбалансированный,2
сырой тонкий,2
великолепный вкус,2
минеральный элегантный,2
аперитив делать,2
золотисто элегантный,2
вино искриться,2
лёгкое цветочный,2
красный переспелый,2
блеск хотеться,2
лёгкое фиалка,2
бокал сочный,2
красный перец,2
букет дополнить,2
скосить цветок,2
золотисто лёгкое,2
вино минеральный,2
кислотность цукат,2
переспелый специя,2
кислотность лакрица,2
лист черносмородиновый,2
горчинка цедра,2
насыщенный типичный,2
ежевика чернослив,2
раскрываться свежескошенный,2
красный сырой,2
золотистый лайм,2
яблоко ярка,2
золотистый мятый,2
бодрящий типичный,2
дополнить специя,2
смородина танин,2
кислотность пряный,2
освежать экзотический,2
белых структурировать,2
золотисто цветочный,2
вино цукат,2
анисовый яркий,2
крыжовник освежать,2
бархатистый искриться,2
белых цитрусовый,2
богатый который,2
мускат насыщенный,2
прекрасно яблоко,2
комплексный сбалансированный,2
прекрасно танин,2
вишня малин,2
кислинка свежескошенный,2
кислотность фиалка,2
грейпфрут послевкусие,2
аромат горчинка,2
ежевика нота,2
бархатистый гармоничный,2
насыщенный нота,2
который цитрусовый,2
ежевика комплексный,2
раскрываться фиалка,2
минеральный фруктовый,2
светло яркий,2
белых бодрящий,2
лакрица специя,2
груша лёгкое,2
жёлтый устойчивый,2
цветок ярка,2
кислотность сырой,2
дополнить яркий,2
великолепный цукат,2
блеск экзотический,2
вино пряный,2
букет яблоко,2
глубокий переспелый,2
продолжительный трава,2
бархатистый ежевика,2
живой сухой,2
анисовый вкус,2
бодрящий летний,2
бледно слышный,2
бархатистый нота,2
комплексный пряный,2
вино золотисто,2
аромат прованский,2
вишня пряный,2
дополнить ощутимый,2
грейпфрут освежать,2
букет пряный,2
вино горчинка,2
букет фиалка,2
анисовый жёлтый,2
мясо тонкий,2
ощутимый продолжительный,2
золотистый раскрываться,2
вино устойчивый,2
бледно фруктовый,2
кислинка яркий,2
кислотность устойчивый,2
блик жёлтый,2
цветок элегантный,2
освежать цветочный,2
белых тонкий,2
послевкусие среднетелый,2
груша золотистый,2
насыщенный сырой,2
зеленоватый свежескошенный,2
аромат блик,2
экзотический яблоко,2
освежать слышный,2
белых раскрываться,2
тропический фрукт,2
ощутимый послевкусие,2
прекрасно устойчивый,2
богатый сбалансированный,2
мятый скосить,2
искриться который,2
миндаль цитрусовый,2
фруктовый цитрусовый,2
послевкусие хлебный,2
букет продолжительный,2
вкус освежать,2
лайм сочный,2
бриошь экзотический,2
вишня гармоничный,2
продолжительный сырой,2
дополнить прованский,2
наслаждаться цветок,2
делать мускат,2
жёлтый раскрывать,2
персик цитрусовый,2
аромат цукат,2
горчинка экзотический,2
красный типичный,2
среднетелый трава,2
бархатистый лакрица,2
гармоничный раскрываться,2
прекрасно яркий,2
день цветок,2
освежать скосить,2
прованский цукат,2
золотистый крыжовник,2
искриться послевкусие,2
белых груша,2
дополнить золотистый,2
кислотность хотеться,2
блеск лист,2
малин танин,2
бархатистый мясо,2
искриться насыщенный,2
фрукт черносмородиновый,2
жаркое типичный,2
богатый ежевика,2
зеленоватый раскрывать,2
бриошь сбалансированный,2
блик цветок,2
миндаль раскрывать,2
комплексный смородина,2
день летний,2
анисовый ментоловый,2
зеленоватый персик,2
прованский цветок,2
кислотность перец,2
комплексный переспелый,2
лист яркий,2
золотистый фрукт,2
приятный сочный,2
зеленоватый мятый,2
искриться чернослив,2
грейпфрут раскрывать,2
богатый фруктовый,2
блеск сбалансированный,2
блеск типичный,2
лакрица нота,2
букет танин,2
комплексный раскрываться,2
прекрасно чернослив,2
дополнить светло,2
чернослив шоколад,2
лёгкое слышный,2
анисовый мёд,2
бриошь приятный,2
мятый цедра,2
горчинка жёлтый,2
послевкусие скосить,2
абрикос трава,2
великолепный прекрасно,2
великолепный типичный,2
ощутимый тонкий,2
освежать устойчивый,2
груша пряный,2
вкус дополнить,2
глубокий кислинка,2
зеленоватый смородина,2
букет жёлтый,2
зеленоватый прекрасно,2
букет зеленоватый,2
послевкусие цукат,2
гармоничный цитрусовый,2
зеленоватый устойчивый,2
вино трава,2
белых делать,2
бокал яркий,2
великолепный ментоловый,2
структурировать фруктовый,2
освежать сырой,2
раскрываться цукат,2
делать который,2
структурировать сухой,2
блик яркий,2
мёд цветок,2
бледно сбалансированный,2
особенно цветок,2
белых устойчивый,2
мятый сочный,2
крыжовник сочный,2
приятный структурировать,2
сбалансированный элегантный,2
аперитив хотеться,2
глубокий фиалка,2
блеск черносмородиновый,2
бокал кислинка,2
освежать продолжительный,2
персик яблоко,2
комплексный который,2
бриошь тон,2
груша персик,2
аперитив красный,2
малин трава,2
мясо освежать,2
лёгкое яркий,2
делать типичный,2
фрукт яркий,2
летний типичный,2
крыжовник цветок,2
вино ментоловый,2
мясо трава,2
блик прованский,2
золотистый скосить,2
светло элегантный,2
белых день,2
анисовый лёгкое,2
великолепный жёлтый,2
глубокий продолжительный,2
малин специя,2
сочный яркий,2
скосить цедра,2
груша мёд,2
глубокий прованский,2
аромат грейпфрут,2
жаркое насыщенный,2
перец прекрасно,2
зеленоватый лист,2
великолепный летний,2
лёгкое цукат,2
блеск мятый,2
великолепный слышный,2
гармоничный комплексный,2
вкус сбалансированный,2
аромат сырой,2
корочка яблоко,2
зеленоватый красный,2
светло фруктовый,2
переспелый трава,2
освежать цукат,2
кислотность особенно,2
белых сухой,2
анисовый золотистый,2
дополнить цветок,2
лист послевкусие,2
белых особенно,2
груша раскрываться,2
кислинка лист,2
послевкусие сырой,2
послевкусие тропический,2
делать жаркое,2
послевкусие черносмородиновый,2
лёгкое элегантный,2
нота танин,2
гармоничный яблоко,2
ментоловый мёд,2
черносмородиновый экзотический,2
вкус цитрусовый,2
свежескошенный сочный,2
вино черносмородиновый,2
абрикос блеск,2
зелёный золотистый,2
великолепный мёд,2
сбалансированный слышный,2
бодрящий кислотность,2
блеск скосить,2
анисовый раскрываться,2
блеск жаркое,2
мятый смородина,2
белых миндаль,2
красный цедра,2
комплексный среднетелый,2
лакрица ощутимый,2
грейпфрут зелёный,2
букет переспелый,2
приятный тропический,2
глубокий черносмородиновый,2
раскрываться слышный,2
вино персик,2
раскрывать цитрусовый,2
который прекрасно,2
жёлтый тропический,2
кислотность раскрывать,2
лёгкое специя,2
насыщенный персик,2
свежескошенный фрукт,2
богатый продолжительный,2
букет глубокий,2
летний цитрусовый,2
прекрасно приятный,2
живой цедра,2
бархатистый ягодный,2
абрикос бокал,2
вкус мёд,2
дополнить мёд,2
бодрящий особенно,2
великолепный фруктовый,2
лёгкое чернослив,2
кислотность яркий,2
бледно великолепный,2
анисовый прованский,2
вино смородина,2
мясо сырой,2
красный мятый,2
сбалансированный цукат,2
мускат цитрусовый,2
бодрящий великолепный,2
вино нота,2
ментоловый раскрываться,2
ощутимый шоколад,2
гармоничный трава,2
вкус прекрасно,2
зеленоватый скосить,2
послевкусие устойчивый,2
аромат корочка,2
блеск делать,2
прекрасно тропический,2
глубокий цукат,2
приятный трава,2
жёлтый цветочный,2
наслаждаться цитрусовый,2
лайм смородина,2
вино комплексный,2
абрикос раскрываться,2
жаркое золотистый,2
малин тонкий,2
зелёный ярка,2
богатый ощутимый,2
бархатистый перец,2
малин освежать,2
зелёный трава,2
лёгкое цедра,2
лёгкое ощутимый,2
кислотность нота,2
анисовый послевкусие,2
золотистый прекрасно,2
блеск бокал,2
красный прекрасно,2
сбалансированный тропический,2
грейпфрут зеленоватый,2
абрикос черносмородиновый,2
дополнить продолжительный,2
раскрывать яблоко,2
освежать тропический,2
кислотность тропический,2
лакрица ягодный,2
белых прекрасно,2
долг цитрусовый,2
свежескошенный светло,2
белых наслаждаться,2
живой трава,2
делать день,2
день типичный,2
мускат цветок,2
блеск фрукт,2
цедра экзотический,2
зелёный сухой,2
бокал светло,2
блеск глубокий,2
ментоловый цветок,2
букет сырой,2
вкус кислотность,2
красный шоколад,2
фрукт фруктовый,2
гармоничный долг,2
аромат тропический,2
бодрящий цитрусовый,2
великолепный делать,2
искриться танин,2
день особенно,2
блеск раскрываться,2
белых красный,2
бриошь яблоко,2
зеленоватый тонкий,2
продолжительный шоколад,2
сбалансированный черносмородиновый,2
золотистый цукат,2
бокал послевкусие,2
мёд освежать,2
освежать смородина,2
красный ощутимый,2
тонкий хлебный,2
скосить сочный,2
насыщенный хотеться,2
аперитив цветок,2
дополнить который,2
лёгкое трава,2
дополнить ежевика,2
груша дополнить,2
грейпфрут кислотность,2
пряный цветок,2
лакрица фруктовый,2
абрикос светло,2
долг свежескошенный,2
ощутимый чернослив,2
бархатистый который,2
груша миндаль,2
миндаль насыщенный,2
букет малин,2
анисовый кислотность,2
бархатистый сбалансированный,2
крыжовник послевкусие,2
искриться сбалансированный,2
абрикос зеленоватый,2
сбалансированный чернослив,2
наслаждаться насыщенный,2
великолепный послевкусие,2
мёд раскрываться,2
мясо переспелый,2
послевкусие шоколад,2
скосить смородина,2
бодрящий цветок,2
красный раскрываться,2
блеск букет,2
миндаль пряный,2
пряный сырой,2
зелёный фруктовый,2
насыщенный ягодный,2
мясо танин,2
мёд слышный,2
перец ягодный,2
переспелый продолжительный,2
нота послевкусие,2
миндаль яблоко,2
фруктовый цветочный,2
сочный экзотический,2
персик раскрывать,2
бодрящий делать,2
великолепный красный,2
день цитрусовый,2
абрикос вино,2
ежевика чёрный,4
кислотность чёрный,4
вино груша,4
белых приятный,4
наслаждаться тон,4
вишня красный,4
гармоничный кислотность,4
раскрываться фруктовый,4
аромат нота,4
прекрасно чёрный,4
пряный тонкий,4
послевкусие пряный,4
продолжительный фиалка,4
золотистый фруктовый,4
блеск цедра,4
вино хотеться,4
лёгкое тропический,4
освежать пряный,4
кислинка сочный,4
прекрасно фруктовый,4
продолжительный тонкий,4
гармоничный насыщенный,4
сочный трава,4
вишня тонкий,4
искриться тон,4
кислотность фруктовый,4
послевкусие яркий,4
вино типичный,4
смородина чёрный,4
красный лакрица,4
минеральный тон,4
освежать элегантный,4
мятый тон,4
зелёный освежать,4
фруктовый цветок,4
вино мускат,4
долг послевкусие,4
снова хотеться,4
дополнить сбалансированный,4
блеск сочный,4
золотистый лёгкое,4
бархатистый послевкусие,4
искриться тонкий,4
вино чёрный,4
сбалансированный яркий,4
дополнить чёрный,4
красный цветок,4
горчинка насыщенный,4
бриошь тонкий,4
ежевика тонкий,4
вино яркий,4
вишня танин,4
комплексный продолжительный,4
раскрываться трава,4
аромат хотеться,4
белых снова,4
груша жёлтый,4
кислинка экзотический,4
золотистый тонкий,4
бодрящий снова,4
чёрный ягодный,4
аромат наслаждаться,4
глубокий яркий,4
насыщенный цитрусовый,4
приятный фрукт,4
прекрасно тонкий,4
лакрица танин,4
цветок цедра,4
зеленоватый раскрываться,4
красный освежать,4
приятный цветок,4
аромат минеральный,4
дополнить чернослив,4
вино глубокий,4
мускат тон,4
зеленоватый цедра,4
особенно тон,4
аромат лайм,4
букет послевкусие,4
блеск цитрусовый,4
структурировать тон,4
фрукт яблоко,4
специя танин,4
кислотность комплексный,4
белых сбалансированный,4
дополнить комплексный,4
насыщенный приятный,4
бодрящий тон,4
золотистый яблоко,4
вишня послевкусие,4
приятный цедра,4
блеск снова,4
долг освежать,4
вино особенно,4
вино дополнить,4
богатый дополнить,4
цветок цитрусовый,4
жёлтый трава,4
аромат скосить,4
трава цветок,4
богатый комплексный,4
жёлтый зелёный,4
лакрица чернослив,4
аромат структурировать,4
аромат ощутимый,4
аперитив снова,4
красный снова,4
который снова,4
освежать цедра,4
кислинка тонкий,4
миндаль персик,4
лайм насыщенный,4
который тонкий,4
бархатистый чёрный,4
дополнить освежать,4
типичный тон,4
жаркое тон,4
миндаль светло,4
золотистый светло,4
богатый чернослив,4
насыщенный скосить,4
снова типичный,4
раскрываться яркий,4
крыжовник тон,4
приятный сбалансированный,4
букет гармоничный,4
чернослив чёрный,4
перец тон,4
аромат шоколад,4
вино день,4
трава цедра,4
аромат цветочный,4
тон цветочный,4
богатый танин,4
дополнить лёгкое,4
сбалансированный экзотический,4
великолепный цветок,4
вишня специя,4
продолжительный специя,4
кислотность снова,4
жёлтый экзотический,4
комплексный чернослив,4
лайм тон,4
зеленоватый золотистый,4
аромат летний,4
дополнить жёлтый,4
жаркое снова,4
груша цветок,4
жёлтый сочный,4
живой тон,4
аромат свежескошенный,4
комплексный лакрица,4
аромат мятый,4
сбалансированный чёрный,4
кислинка сбалансированный,4
аромат ежевика,4
аромат гармоничный,4
который насыщенный,4
белых светло,4
золотистый красный,4
жёлтый миндаль,4
глубокий сбалансированный,4
блеск яблоко,4
белых зеленоватый,4
день тон,4
аромат ягодный,4
продолжительный танин,4
нота чёрный,4
наслаждаться снова,4
послевкусие специя,4
летний снова,4
дополнить цитрусовый,4
жёлтый цитрусовый,4
раскрываться светло,4
абрикос аромат,4
прекрасно раскрываться,4
аромат лист,4
богатый красный,4
послевкусие цитрусовый,4
вино сочный,4
богатый лакрица,4
аромат особенно,4
раскрываться цветок,4
снова цитрусовый,4
дополнить красный,4
раскрывать тон,4
глубокий жёлтый,4
букет кислотность,4
белых яблоко,4
фруктовый яркий,4
гармоничный послевкусие,4
послевкусие чёрный,4
глубокий фруктовый,4
фруктовый чёрный,4
жёлтый элегантный,4
великолепный цитрусовый,4
комплексный чёрный,4
аромат крыжовник,4
послевкусие чернослив,4
дополнить фруктовый,4
тонкий ягодный,4
вино элегантный,4
перец тонкий,4
белых золотистый,4
зеленоватый сбалансированный,4
вишня продолжительный,4
красный продолжительный,4
мускат снова,4
груша послевкусие,4
искриться чёрный,4
аперитив тон,4
вишня комплексный,4
зеленоватый фрукт,4
кислинка фрукт,4
золотисто тон,4
ежевика тон,4
красный трава,4
аперитив вино,4
комплексный фиалка,4
золотистый трава,4
сухой тон,4
бархатистый насыщенный,4
глубокий кислотность,4
блеск красный,4
долг зеленоватый,4
тонкий экзотический,4
освежать яркий,4
красный чернослив,4
освежать прекрасно,4
делать тон,4
аромат мускат,4
аромат букет,4
светло трава,4
кислотность танин,4
зеленоватый кислотность,4
танин чернослив,4
цветок яблоко,4
освежать персик,4
блеск зелёный,4
красный смородина,4
зеленоватый зелёный,4
специя тонкий,4
красный чёрный,4
смородина тонкий,4
бархатистый кислотность,4
бодрящий вино,4
насыщенный экзотический,4
глубокий трава,4
танин фиалка,4
зеленоватый фруктовый,4
послевкусие смородина,4
жёлтый цедра,4
тон ярка,4
насыщенный чёрный,4
аромат искриться,4
аромат сухой,4
крыжовник насыщенный,4
тонкий фрукт,4
миндаль освежать,4
тонкий элегантный,4
кислинка яблоко,4
великолепный снова,4
который чёрный,4
дополнить лакрица,4
горчинка тонкий,4
золотистый кислотность,4
прекрасно цветок,4
вино жаркое,4
лакрица послевкусие,4
аромат перец,4
кислинка фруктовый,4
аромат ярка,4
трава фруктовый,4
светло цедра,4
аромат бокал,4
вино делать,4
тонкий цедра,4
жёлтый персик,4
послевкусие экзотический,4
зелёный послевкусие,4
жёлтый прекрасно,4
вино кислинка,4
день снова,4
блеск долг,4
фрукт экзотический,4
вино наслаждаться,4
аромат черносмородиновый,4
светло экзотический,4
освежать фрукт,4
зелёный яблоко,4
груша сбалансированный,4
вино летний,4
аромат живой,4
насыщенный снова,4
персик послевкусие,4
бархатистый комплексный,4
богатый послевкусие,4
богатый чёрный,4
блеск фруктовый,4
золотистый цитрусовый,4
груша освежать,4
красный специя,4
снова цветок,4
лёгкое устойчивый,4
освежать цитрусовый,4
гармоничный освежать,4
мятый насыщенный,4
послевкусие продолжительный,4
тонкий фиалка,4
дополнить танин,4
грейпфрут тон,4
летний тон,4
послевкусие фиалка,4
лакрица чёрный,4
аромат типичный,4
бриошь насыщенный,4
вино экзотический,4
белых кислотность,4
блеск кислотность,4
нота тон,4
кислинка приятный,4
делать снова,4
золотистый приятный,4
дополнить прекрасно,4
особенно снова,4
жёлтый яркий,4
специя фиалка,4
кислинка цветок,4
цедра яблоко,4
кислотность яблоко,4
великолепный кислотность,4
танин чёрный,4
аромат бодрящий,4
раскрываться фрукт,4
долг жёлтый,4
который красный,4
великолепный золотистый,4
аромат золотисто,4
насыщенный сочный,4
сбалансированный яблоко,4
красный фиалка,4
аромат жаркое,4
белых блеск,4
нота тонкий,4
миндаль послевкусие,4
долг светло,4
кислотность который,4
насыщенный фрукт,4
букет насыщенный,4
вишня фиалка,4
скосить тон,4
бархатистый танин,4
золотистый снова,4
аперитив аромат,4
перец чёрный,4
тон ягодный,4
аромат делать,4
золотистый сбалансированный,4
бархатистый красный,4
лёгкое фрукт,4
букет освежать,4
тон хотеться,4
кислотность светло,4
персик светло,4
комплексный специя,4
аромат день,4
освежать сочный,6
красный танин,6
блеск светло,6
аромат долг,6
тонкий чернослив,6
кислотность лёгкое,6
прекрасно сбалансированный,6
богатый тонкий,6
комплексный танин,6
глубокий раскрываться,6
зеленоватый приятный,6
блеск цветок,6
кислинка светло,6
блеск золотистый,6
золотистый кислинка,6
аромат великолепный,6
насыщенный яблоко,6
великолепный вино,6
насыщенный трава,6
тон черносмородиновый,6
абрикос тон,6
вино раскрываться,6
зеленоватый сочный,6
аромат яркий,6
кислотность тонкий,6
вино зеленоватый,6
вино который,6
аромат продолжительный,6
аромат пряный,6
глубокий освежать,6
жёлтый раскрываться,6
дополнить тонкий,6
послевкусие цедра,6
переспелый тон,6
мясо тон,6
свежескошенный тон,6
послевкусие сочный,6
кислотность раскрываться,6
сбалансированный цветок,6
жёлтый насыщенный,6
вино прекрасно,6
дополнить кислотность,6
освежать приятный,6
блеск жёлтый,6
аромат экзотический,6
насыщенный смородина,6
лист тон,6
среднетелый тон,6
вино яблоко,6
вино фрукт,6
жёлтый кислинка,6
комплексный красный,6
лёгкое фруктовый,6
жёлтый фрукт,6
золотистый цедра,6
кислотность цветок,6
насыщенный шоколад,6
аромат персик,6
корочка тон,6
комплексный послевкусие,6
кислотность прекрасно,6
вино цитрусовый,6
насыщенный цветок,6
лёгкое сбалансированный,6
светло фрукт,6
аромат бархатистый,6
зеленоватый цветок,6
белых лёгкое,6
белых послевкусие,6
золотистый освежать,6
блеск трава,6
аромат груша,6
послевкусие танин,6
аромат миндаль,6
сбалансированный фрукт,6
приятный тонкий,6
лёгкое тонкий,6
малин тон,6
лёгкое прекрасно,6
кислинка цедра,6
зеленоватый насыщенный,6
зеленоватый кислинка,6
насыщенный сбалансированный,6
кислотность цитрусовый,6
кислинка трава,6
лёгкое насыщенный,6
светло сочный,6
аромат фиалка,6
тон хлебный,6
лёгкое светло,6
зеленоватый трава,6
жёлтый кислотность,6
кислотность сбалансированный,6
послевкусие прекрасно,6
приятный светло,6
светло цветок,6
лёгкое раскрываться,6
аромат специя,6
жёлтый золотистый,6
сырой тон,6
аромат вишня,6
бокал тон,6
белых освежать,6
вино красный,6
сбалансированный фруктовый,6
насыщенный ощутимый,6
тонкий фруктовый,6
глубокий послевкусие,6
лакрица тонкий,6
блеск кислинка,6
кислинка освежать,6
вино приятный,6
раскрываться сбалансированный,6
кислотность красный,6
послевкусие фрукт,6
тонкий яблоко,6
блеск вино,6
белых жёлтый,6
аромат зелёный,6
бархатистый тонкий,6
вино фруктовый,8
жёлтый цветок,8
тонкий чёрный,8
снова тон,8
аромат прекрасно,8
светло яблоко,8
освежать тонкий,8
который тон,8
тон чёрный,8
прованский тон,8
блеск насыщенный,8
освежать сбалансированный,8
аромат богатый,8
белых цветок,8
слышный тон,8
послевкусие раскрываться,8
насыщенный чернослив,8
богатый насыщенный,8
тон экзотический,8
вино снова,8
лакрица насыщенный,8
мёд тон,8
анисовый тон,8
тон цукат,8
кислотность освежать,8
зеленоватый яблоко,8
жёлтый фруктовый,8
бледно тон,8
насыщенный цедра,8
аромат цитрусовый,8
тон элегантный,8
белых вино,8
аромат элегантный,8
освежать яблоко,8
красный тонкий,8
блеск зеленоватый,8
блик тон,8
дополнить послевкусие,8
послевкусие приятный,8
ментоловый тон,8
зеленоватый лёгкое,8
лёгкое яблоко,8
зелёный тон,8
комплексный тонкий,8
кислотность насыщенный,8
аромат глубокий,8
блеск освежать,8
аромат чернослив,8
насыщенный фиалка,8
освежать трава,8
освежать раскрываться,8
тон тропический,8
освежать фруктовый,8
миндаль тон,8
кислинка послевкусие,8
аромат фрукт,8
вкус тон,8
аромат лакрица,8
аромат снова,8
танин тонкий,8
тон устойчивый,8
золотистый цветок,8
послевкусие фруктовый,8
насыщенный продолжительный,8
золотистый послевкусие,8
блеск послевкусие,8
насыщенный освежать,8
жёлтый приятный,8
вишня насыщенный,8
аромат чёрный,8
кислинка насыщенный,8
персик тон,8
светло тонкий,8
послевкусие трава,8
тон шоколад,8
красный послевкусие,8
аромат смородина,8
сбалансированный светло,8
аромат который,8
приятный яблоко,8
лёгкое цветок,8
лёгкое приятный,8
ощутимый тон,8
смородина тон,8
вино золотистый,8
насыщенный специя,8
букет тон,10
золотистый насыщенный,10
сбалансированный тонкий,10
жёлтый зеленоватый,10
пряный тон,10
долг тон,10
аромат цедра,10
насыщенный светло,10
зеленоватый светло,10
гармоничный тон,10
бархатистый тон,10
послевкусие яблоко,10
аромат сочный,10
дополнить насыщенный,10
аромат раскрываться,10
вино кислотность,10
вино светло,10
аромат танин,10
тон цедра,10
вино лёгкое,10
насыщенный танин,10
освежать цветок,10
жёлтый яблоко,10
аромат комплексный,10
кислотность послевкусие,10
послевкусие цветок,10
жёлтый сбалансированный,10
вино цветок,10
аромат приятный,10
комплексный насыщенный,10
вино насыщенный,10
жёлтый тонкий,10
лёгкое освежать,12
тон чернослив,12
жёлтый светло,12
аромат дополнить,12
зеленоватый послевкусие,12
аромат яблоко,12
послевкусие сбалансированный,12
вино освежать,12
лёгкое послевкусие,12
великолепный тон,12
богатый тон,12
освежать светло,12
груша тон,12
зеленоватый освежать,12
вино сбалансированный,12
жёлтый лёгкое,12
лакрица тон,12
аромат трава,14
аромат кислинка,14
вино тонкий,14
вишня тон,14
продолжительный тон,14
послевкусие светло,14
тон фиалка,14
вино жёлтый,14
аромат белых,14
специя тон,14
тон яркий,14
вино послевкусие,14
тон цитрусовый,16
красный насыщенный,16
кислинка тон,16
аромат кислотность,16
жёлтый освежать,16
жёлтый послевкусие,16
аромат золотистый,16
сочный тон,16
послевкусие тонкий,16
тон фрукт,16
аромат зеленоватый,18
освежать послевкусие,18
танин тон,18
аромат сбалансированный,18
комплексный тон,18
аромат красный,18
аромат фруктовый,18
аромат блеск,18
приятный тон,20
прекрасно тон,20
насыщенный послевкусие,20
аромат лёгкое,20
насыщенный тонкий,20
глубокий тон,20
аромат светло,20
тон трава,20
аромат цветок,20
белых тон,20
золотистый тон,22
блеск тон,22
дополнить тон,24
тон яблоко,24
аромат жёлтый,26
красный тон,26
тон фруктовый,26
аромат тонкий,28
раскрываться тон,28
аромат освежать,30
аромат вино,32
зеленоватый тон,32
тон цветок,32
сбалансированный тон,32
кислотность тон,34
светло тон,34
аромат насыщенный,36
аромат послевкусие,36
тон тонкий,40
лёгкое тон,46
жёлтый тон,46
вино тон,50
насыщенный тон,54
освежать тон,54
послевкусие тон,64
аромат тон,110
