подойти,1
моллюск,1
равиоли,1
итальянский,1
выдержать,1
провансальский,1
дичь,1
зелёный,1
дополнение,1
омар,1
рецепт,1
высокий,1
холодное,1
cочетаться,1
тосканский,1
не слишком,1
устрица,1
колбаска,1
летний,1
деликатес,1
рекомендоваться,1
козий,1
морской,1
освежать,1
яркий,1
кровяной,1
стать,1
гриб,1
гастрономичный,1
очень,1
белый,1
салями,1
подавать,1
речной,1
молодая,1
тартар,1
пара,1
компаньон,1
сочетание,2
также,2
белые,2
азиатский,2
жареный,2
соус,2
вино,2
пряный,2
овощ,2
мясной,2
рыбный,2
качество,3
паста,3
гриль,3
идеально,3
кухня,4
мясо,4
сыр,4
салат,5
сочетаться,6
лёгкое,7
рыба,7
морепродукт,7
отличный,8
аперитив,9
блюдо,11
