гармоничный дополнить,1
живой трава,1
пряный тон,1
блик яркий,1
вино красный,1
бодрящий кислотность,1
ежевика тон,1
кислинка сбалансированный,1
прованский цветок,1
красный смородина,1
который тон,1
кислинка приятный,1
лакрица фиалка,1
груша цитрусовый,1
приятный устойчивый,1
жаркое особенно,1
минеральный тонкий,1
искриться красный,1
сочный яблоко,1
богатый комплексный,1
нота чёрный,1
вино элегантный,1
аромат кислотность,1
насыщенный среднетелый,1
аромат блеск,1
вино делать,1
приятный яблоко,1
освежать сочный,1
блеск тон,1
аромат гармоничный,1
мускат тон,1
персик цитрусовый,1
трава экзотический,1
кислинка насыщенный,1
жёлтый золотисто,1
красный насыщенный,1
сбалансированный тон,1
делать цветок,1
бриошь тонкий,1
тропический яблоко,1
аромат структурировать,1
сбалансированный элегантный,1
среднетелый трава,1
танин тон,1
особенно снова,1
гармоничный насыщенный,1
продолжительный специя,1
гармоничный кислотность,1
вишня фиалка,1
типичный цитрусовый,1
букет раскрывать,1
насыщенный тонкий,1
мёд цукат,1
анисовый тон,1
малин переспелый,1
лайм цедра,1
аромат ощутимый,1
тонкий чёрный,1
вишня чернослив,1
сочный фрукт,1
бодрящий мускат,1
дополнить смородина,1
белых груша,1
грейпфрут тон,1
лист освежать,1
вкус мёд,1
кислотность освежать,1
груша персик,1
аперитив красный,1
вино освежать,1
абрикос сочный,1
кислотность тон,1
малин тон,1
освежать тон,1
аромат пряный,1
танин тонкий,1
день летний,1
прованский тон,1
тон чернослив,1
снова снова,1
бледно великолепный,1
смородина тонкий,1
мятый послевкусие,1
великолепный вино,1
белых цедра,1
мясо пряный,1
бледно жёлтый,1
аромат который,1
аперитив который,1
бриошь цедра,1
жаркое летний,1
дополнить фиалка,1
специя шоколад,1
послевкусие приятный,1
освежать элегантный,1
живой освежать,1
вино золотистый,1
анисовый ментоловый,1
перец чёрный,1
насыщенный фруктовый,1
великолепный тон,1
вишня переспелый,1
корочка хлебный,1
аромат лёгкое,1
лакрица перец,1
смородина цедра,1
освежать прекрасно,1
блеск жёлтый,1
аромат белых,1
насыщенный насыщенный,1
послевкусие устойчивый,1
кислинка тонкий,1
послевкусие ягодный,1
бокал раскрываться,1
аромат красный,1
вино золотисто,1
горчинка насыщенный,1
богатый тон,1
белых тон,1
свежескошенный трава,1
вкус слышный,1
зеленоватый лёгкое,1
аромат фруктовый,1
кислотность послевкусие,1
сбалансированный тонкий,1
наслаждаться хотеться,1
зеленоватый приятный,1
блик золотистый,1
золотистый фрукт,1
аромат раскрывать,1
горчинка послевкусие,1
аромат бархатистый,1
аромат богатый,1
кислинка ярка,1
бархатистый кислотность,1
насыщенный яблоко,1
золотистый яблоко,1
типичный тон,1
освежать структурировать,1
аромат сочный,1
глубокий освежать,1
фруктовый цветочный,1
насыщенный шоколад,1
скосить трава,1
тон яблоко,1
сухой трава,1
тон хлебный,1
аромат персик,1
крыжовник тон,1
кислотность приятный,1
глубокий послевкусие,1
лёгкое фрукт,1
ощутимый танин,1
лакрица прекрасно,1
цитрусовый цукат,1
букет раскрываться,1
освежать цветочный,1
продолжительный танин,1
тон цветок,1
кислотность насыщенный,1
который хотеться,1
вино искриться,1
блеск букет,1
крыжовник мятый,1
мясо сырой,1
груша цветок,1
богатый насыщенный,1
аромат глубокий,1
аромат зелёный,1
дополнить насыщенный,1
красный тон,1
сухой цветок,1
лакрица тон,1
золотистый светло,1
жёлтый зеленоватый,1
кислотность тонкий,1
абрикос черносмородиновый,1
блеск бокал,1
зелёный персик,1
скосить цветок,1
глубокий красный,1
лёгкое элегантный,1
кислинка тон,1
глубокий тон,1
аромат свежескошенный,1
насыщенный освежать,1
фруктовый ягодный,1
грейпфрут долг,1
экзотический яблоко,1
сырой фиалка,1
лёгкое ментоловый,1
прекрасно тон,1
букет комплексный,1
минеральный тон,1
лист черносмородиновый,1
раскрываться яркий,1
корочка сочный,1
лайм цветок,1
тропический фрукт,1
пряный трава,1
наслаждаться снова,1
великолепный насыщенный,1
миндаль цветок,1
долг тон,1
миндаль яблоко,1
ежевика чернослив,1
приятный сбалансированный,1
освежать трава,1
аромат ярка,1
дополнить нота,1
дополнить тон,1
слышный фруктовый,1
чернослив чёрный,1
вишня тон,1
кислотность сбалансированный,2
аромат раскрываться,2
послевкусие тон,2
аромат яркий,2
аромат насыщенный,2
бархатистый танин,2
блеск насыщенный,2
лёгкое освежать,2
дополнить лёгкое,2
аромат сбалансированный,2
фрукт экзотический,2
аромат комплексный,2
комплексный тон,2
красный тонкий,2
аромат освежать,2
зелёный яблоко,2
золотистый цедра,2
аромат цитрусовый,2
долг послевкусие,2
специя тон,2
кислинка фруктовый,2
послевкусие продолжительный,2
миндаль освежать,2
лёгкое тон,3
раскрываться тон,3
блеск зеленоватый,3
аромат тонкий,3
тон фруктовый,3
прекрасно сбалансированный,3
золотистый тон,3
тон тонкий,4
белых цветок,4
зеленоватый тон,5
вино светло,5
аромат тон,5
жёлтый светло,6
жёлтый тон,8
