кондитерский фрукт,1
вечер качество,1
дижестив на,1
известный коктейль,1
бисквит сочеатться,1
летний пара,1
выдержать тест,1
зажареный птица,1
домашний птица,1
свежий сыр,1
краб морепродукт,1
гриб рыба,1
горшочек рагу,1
с сырой,1
горшочек мясо,1
молодая птица,1
аперитив сочетаетаться,1
баранина рагу,1
оленина прожарка,1
азиатский кухня рыба,1
вид классический,1
как местный кухня,1
блюдо кебаб,1
аперитив дополнять,1
стейками ягнёнок,1
блюдо креветка,1
дополнять лёгкое,1
козий приправа,1
салат штрудель,1
перепёлка рагу,1
бефстроганов сыр,1
ананас индейка,1
десерт креветка,1
также телятина,1
дар сочетаться,1
аккомпанемент любой,1
блюдо стейками,1
выдержать овечий,1
poulet курочка,1
десерт различный,1
морской порекомендовать,1
говядина нарезка,1
аккомпанемент сыр,1
мясо предложить,1
можно сам,1
блюдо множество,1
морепродукт свежий,1
паста пиццой,1
креветка курица,1
соус стейк,1
традиционно эльзас,1
выдержать паста,1
basquaise подходить,1
ассорти салат,1
телятина филе,1
рыба рыба,1
баклажан фасоль,1
голубой дичь,1
морепродукт пирог,1
дыня фуа,1
куриный филе,1
стейка ягнёнок,1
соус устрица,1
стейка сыр,1
долька тоник,1
вино соус,1
бефсторган средний,1
молодая свинина,1
стружка шарик,1
сопровождение сочетание,1
дополнить холодное,1
испанский сыр,1
лещ лосось,1
гриль грудка,1
пирог свинин,1
подойти тушёный,1
сыр чеддер,1
плесень сочетание,1
десерт шоколад,1
блюдо сладкое,1
лосось сорт,1
анчоус также,1
пара соус,1
вина устрица,1
свинина ягнёнок,1
гратен ягнёнок,1
лосось паштет,1
кебаб креветка,1
ананас стружка,1
молоко сыр,1
пирог сочетание,1
альянико сорт,1
запечь фазан,1
идеальный охладить,1
мочь под,1
гармоничный дичь,1
классический моцарелла,1
жаркое число,1
морепродукт свинин,1
сопровождение фрукт,1
салат фрукт,1
морепродукт приправа,1
блюдо другой,1
груша заяц,1
выдержка дичь,1
рёбрышко сырой,1
кухня мягкий,1
бефстроганов говядина,1
морепродукт хамон,1
сложный фазан,1
лёгкое фруктовый,1
дичь харчо,1
- баранина,1
гриль салат,1
блюдо долме,1
жареный паста,1
бефстроганов соус,1
креветка морепродукт,1
мороженое прекрасный,1
кремовый яблочный,1
говядина жареный,1
аперитив мочь,1
гармонировать рыба,1
дополнение паста,1
невыдержанный сыр,1
овощной птица,1
пирожное фруктовый,1
аперитив охладить,1
сопровождение шоколад,1
говядина фасоль,1
морепродукт ракообразный,1
выдержать температура,1
графенберг подавать,1
белых грибов,1
гриль полутвёрдый,1
аперитив стейка,1
заяц королевск,1
красный средиземноморский кухня,1
сочетаться стейками,1
вино самый,1
выдержка также,1
мороженое пирог,1
свинин тюрбо,1
знаменитый миксолог,1
рислинг свой,1
мидия спагетти,1
кислотность свой,1
рыба сопровождение,1
сочетаться фрукт,1
выдержать не ароматный,1
индейка спаржа,1
масло паста,1
дар сочетание,1
косточка оленина,1
зайчатина оленина,1
овощной салат,1
индейка свинин,1
компаньон салат,1
джим миксолог,1
гриб лесной,1
пармезан паста,1
а фруктовый,1
спаржа устрица,1
краб рыба,1
икра ризотто,1
блюдо грибов,1
дополнение устрица,1
рулька шейк,1
винный дичь,1
на прекрасный,1
крыжовник перец,1
рис сыр,1
паста равиоли,1
болоньеза пицца,1
кролик лазанья,1
сырой также,1
сыр тост,1
можжевельник сибас,1
состав также,1
соус стейка,1
порекомендовать стейк,1
вырезка тунец,1
дичь дичь,1
дополнение стать,1
не ароматный сыр,1
зайчатина соус,1
жаркое красный,1
овощ перец,1
восточный кухня салат,1
азиатский кухня свинина,1
говядина лесной,1
жаркое также,1
шоколадный ягодный,1
крем с,1
восточный кухня также,1
лёд температура,1
мясной рагу,1
блюдо паэлье,1
прекрасно соус,1
соус терияк,1
брускетта салями,1
изделие сладость,1
стейками хвост,1
выдержать ростбиф,1
дичь мясной,1
баранина птица,1
блюдо нарезка,1
мясо ягнятина,1
гриль ягнятина,1
барбекю соус,1
белые курица,1
ризотто также,1
пирог рулька,1
бри как,1
плесень салат,1
ризотто салат,1
ассорти лёгкое,1
блюдо острый,1
сочетание шоколад,1
утка ягнёнок,1
говядина тартар,1
суши сыр,1
блюдо гребешок,1
салями сыр,1
риккот сладость,1
вегетарианский кухня подойти,1
лобстер устрица,1
дичь зайчатина,1
выдержать сигара,1
вина красный,1
аперитив холодное,1
курица тунец,1
краб стоить,1
жаркое презунто,1
вина молодой,1
лягушачий сыр,1
гриб овощ,1
коктейль порт,1
специя сувлак,1
мясо насыщенный,1
барабулька лосось,1
дичь паштет,1
колбаса утка,1
говяжий гратен,1
вид закуска,1
мясо фуа,1
пирожное фуа,1
сопровождение шедевр,1
гастрономический пара,1
гармонировать телятина,1
курица сопровождение,1
лобстер сыр,1
паппарделла цыплёнок,1
баранина рёбрышко,1
бараний стейкома,1
птица сопровождение,1
кабан оленина,1
коктейль состав,1
вина насыщенный,1
соус средний,1
гриль каре,1
лимонный лёгкое,1
барашек порекомендовать,1
говядина к,1
пьемонтский сочетание,1
блюдо ракообразный,1
баранина специя,1
десерт ореховый,1
овощ сопровождение,1
рыба томатный,1
сочетаться трапеза,1
косточка утка,1
изделие свинин,1
выпечка голубой,1
баранина овечий,1
печень сочетание,1
козий моллюск,1
гастрономичный прекрасно,1
как так,1
гребешок сливочный,1
зелёный порекомендовать,1
лосось тунец,1
горячее также,1
морепродукт речной,1
жаркое удачно,1
полутвёрдый свинин,1
бефстроганоф мясо,1
карп также,1
рыба стейками,1
нарезка сочетание,1
гриль сочетание,1
лук лёгкое,1
зайчатина кабан,1
вид охладить,1
блюдо насыщенный,1
запечёный овощ,1
баклажан блюдо,1
вкус жареный,1
азиатский пряный кухня,1
стейкома филе,1
порекомендовать утка,1
бургиньон ля,1
дичь молодая,1
например салями,1
оливка тапенад,1
blanquette veau,1
копчёность специя,1
колбаса улитка,1
бел сочетаться,1
бургиньон лапка,1
морепродукт мясной,1
паста порекомендовать,1
свинин стейками,1
дополнить салат,1
белые паста,1
пряность сочетание,1
говядина копчёность,1
рагу утка,1
вино говядина,1
качество подходить,1
пицца ризотто,1
баранина стейка,1
голубой пара,1
бефстроганов средний,1
свинин шашлык,1
стейками телятина,1
великолепно горький,1
баранина прожарка,1
бароть идеальный,1
десерт с,1
кабанчик мясо,1
закуска тартар,1
портвейн прекрасный,1
сёмга также,1
прекрасный соус,1
белые гармонировать,1
мясо сливочный,1
свинина шницель,1
аперитив стать,1
кролик рыба,1
карпаччо овощ,1
трава тушёный,1
идеально качество,1
изделие порекомендовать,1
блюдо число,1
использование подходить,1
гриб утка,1
- утка,1
рёбрышко средний,1
veau рататуй,1
молодая пирожное,1
жаркое подойти,1
заяц чернослив,1
манго мороженое,1
морепродукт подходить,1
масло можжевельник,1
высокий кислотность,1
карпаччо цыплёнок,1
соус черта,1
мясо перец,1
а число,1
голубой фрукт,1
перец сыр,1
колбаса мясо,1
десерт штрудель,1
вино дичь,1
жареный красный,1
васаби запечь,1
курица ризотто,1
дичь фрукт,1
выждержка сыр,1
вино же,1
подойти птица,1
выпечка сыр,1
восточный кухня,1
голубой десерт,1
мясо пирог,1
лосось свинина,1
начинка пирог,1
дыня сочетание,1
аперитив копчёный,1
мидия рыба,1
ассорти закуска,1
гриб котлета,1
вино жирный,1
колбаса паштет,1
жаркое сочетание,1
блюдо простой,1
белый жареный,1
рагу холодное,1
кефаль рыба,1
качество можно,1
белые ризотто,1
гриль паэлье,1
изюм филе,1
вегетарианский кухня морепродукт,1
спаржа сыр,1
аперитив отличный,1
азиатский кухня сочетаться,1
говядина сырой,1
десерт кремовый,1
грейпс сам,1
колбаска сочетаться,1
вина рагу,1
bufala моцарелла,1
ризотто стейк,1
портвейн сикс,1
курочка яблоко,1
лимонный яблочный,1
морепродукт пряный,1
говядина гриб,1
лагмана сопровождение,1
медитация подойти,1
же сопровождать,1
лёгкое температура,1
блюдо компаньон,1
блюдо летний,1
лук тунец,1
ростбиф соус,1
суши эльзас,1
окончание трапеза,1
вид сочетаться,1
котлета соус,1
егерьск оленина,1
моллюск салат,1
блюдо с,1
пирог утка,1
белые сочетаетаться,1
закуска красный,1
каперс ризотто,1
морепродукт спагетти,1
барбекю гриль,1
качество приятно,1
дичь магра,1
вино пара,1
множество сочетаться,1
полутвёрдый соус,1
манго сироп,1
сочетание устрица,1
аперитив сопровождать,1
колбаса плесень,1
восточный кухня морепродукт,1
пирог тунец,1
дичь жаркое,1
же ягнёнок,1
густой пряный,1
закуска колбаса,1
белые трюфель,1
стир фрая,1
десерт комнатный,1
русский кухня традиционный,1
выпечка мороженое,1
дичь сопровождение,1
говядина индейка,1
вина сорт,1
баранина хамон,1
петух сочетаться,1
китайский подходить,1
событие сопровождение,1
дичь чернослив,1
вок морепродукт,1
закуска изделие,1
использование кулинария,1
трава фрукт,1
вид рыба,1
вок курица,1
очень холодное,1
дополнение кролик,1
итальянский например,1
десерт сухофрукты,1
баранина средиземноморский кухня,1
мясо приятно,1
бекон оленина,1
сопровождение сыр,1
вариант хамон,1
курица мясо,1
гриль карпаччо,1
тип чоризо,1
вино это,1
прожарка стейкома,1
артишок спаржа,1
простой сочетаться,1
лосось морепродукт,1
пара составить,1
треск тунец,1
куриный устрица,1
колбаса тип,1
аперитив составить,1
свинин сопровождение,1
пернатый сочетание,1
сочетание сухофрукты,1
блюдо рецепт,1
сёмга тартар,1
к стейка,1
птица ягнёнок,1
кролик средний,1
джем фрукт,1
блюдо цезарь,1
аперитив выступать,1
клубника стоить,1
быть сочетаться,1
как сыр,1
гарнир мясо,1
испанский хамон,1
говядина дополнить,1
барашком мясо,1
гриль такой,1
паппарделла сочетаться,1
пармезан устрица,1
жаркое сыр,1
бела курица,1
белые закуска,1
розмарин сыр,1
грудка прожарка,1
курица овощ,1
курочка сельдь,1
мясо прожарка,1
соус шашлык,1
восточный специя,1
стилтон сыр,1
птица суп,1
карпаччо прожарка,1
качество подавать,1
общение также,1
вид сыр,1
свинина чернослив,1
гриль подойти,1
блюдо рислинг,1
индейка соус,1
печень пирог,1
блюдо выдержка,1
паштет устрица,1
кролик рулет,1
гриб паста,1
аперитив мясо,1
великолепно томатный,1
гриль тунец,1
говядина разнообразный,1
подойти салями,1
- кислотность,1
аперитив гастрономичный,1
грудка курочка,1
молодая русский кухня,1
композиция сыр,1
закуска подходить,1
вина птица,1
выдержать птица,1
белых блюдо,1
закуска тара,1
закуска пиццой,1
сочетание сёмга,1
мясо стейкома,1
колбаса шукрут,1
азиатский кухня,1
красный рыба,1
сальсоя утка,1
вид различный,1
азиатский блюдо,1
барбекю свинина,1
быть сопровождение,1
подойти утка,1
тунец ягнёнок,1
лосось утка,1
ля филе,1
пряность трава,1
красный порекомендовать,1
закуска паштет,1
гриль тушёный,1
мясо хвост,1
сочетаться цыплёнок,1
жюльеном мясо,1
порекомендовать рыбный,1
пирог соус,1
оливка прекрасно,1
бела сочетание,1
закуска сливочный,1
отличный ягнятина,1
же мочь,1
барбекю сырой,1
закуска суши,1
мясо с,1
белые салат,1
гребешок краб,1
заяц пьемонтский кухня,1
масло томат,1
мясо на,1
антрекот блюдо,1
как улитка,1
суп телятина,1
бел вина,1
аперитив очень,1
брускетта томат,1
блюдо домашний,1
сыр тарелка,1
клубника фрукт,1
- строгановск,1
гриль твёрдый,1
блюдо местный кухня,1
белые цыплёнок,1
песочный пирожное,1
кабан мясо,1
кухня мясной,1
грудка карпаччо,1
говяжий грудинка,1
молодая ягнёнок,1
грудка мясной,1
мясо устрица,1
гра лобстер,1
гриль хамон,1
люба подходить,1
вид любой,1
дижестив подойти,1
приготовить сочетаться,1
блюдо восточный,1
жирный соус,1
сыр фазан,1
десерт песочный,1
изделие подходить,1
конфи утка,1
качество тоник,1
black вид,1
карри сам,1
аккомпанемент под,1
жареный ягнятина,1
сопровождение цыплёнок,1
блюдо традиционно,1
сыр шоколад,1
говядина овощ,1
пикник подойти,1
колбаска птица,1
аперитив великолепно,1
ризотто сочетание,1
орех печень,1
блюдо французский,1
каперс сочетание,1
телятина чернослив,1
лосось сочетаться,1
блюдо любой,1
креветка сладкое,1
качество пикник,1
креветка яблоко,1
лёд охладить,1
"("" ля",1
гусем фазан,1
великолепно мир,1
риккот творог,1
креветка сыр,1
идеально свежий,1
лобстер море,1
блюдо тапас,1
гриль суп,1
белые щука,1
бордель ля,1
соус сочетаться,1
благородный же,1
мясо пара,1
карпаччо сыр,1
пирог тест,1
кебаб также,1
гарнир овощ,1
оленина утка,1
грибной птица,1
бефсторган кролик,1
баранина мясо,1
пара с,1
кальмар кляр,1
бри пекорино,1
пара стейка,1
вино лёгкое,1
вечер гастрономический,1
лосось сибас,1
помидор салат,1
пирог сопровождение,1
барбекю же,1
basquaise poulet,1
десерт сопровождать,1
краб лобстер,1
рыба щука,1
рислинг свинина,1
также трапеза,1
бланкетта прованский кухня,1
сыр традиционный,1
белые рис,1
бефстроганоф закуска,1
общение отдых,1
паштет утка,1
дижестив окончание,1
гриль свиной,1
пицца соус,1
лёгкое также,1
салат свинина,1
михан сочетание,1
мясной пицца,1
благородный медитация,1
отдых сопровождение,1
бела спаржа,1
выпечка люба,1
ростбиф салат,1
condrieu rigotte,1
изюм ягнёнок,1
печение сочетание,1
пряность сыр,1
пряность сырой,1
артишок креветка,1
рыба тартар,1
белые море,1
салями слишком,1
мясо прекрасно,1
качество стоить,1
итальянский кухня паста,1
приготовить соус,1
нарезка овощ,1
дичь сырой,1
гриб фазан,1
карпаччо сибас,1
гуляш тунец,1
пирог шейк,1
порекомендовать хамон,1
брюла суфле,1
гриб морепродукт,1
гриб соус,1
розмарин ягнёнок,1
восточный кухня рыба,1
- говядина,1
сочетаться тунец,1
особенно сочетаться,1
бисквит сочетаться,1
пармезан пекорино,1
вино кислотность,1
дижестив отличный,1
пирог сыр,1
печение пирог,1
азиатский кухня фуа,1
густой дополнить,1
лёгкое отлично,1
говядина хамон,1
колбаска подойти,1
бараний сочетаться,1
рёбрышко свиной,1
сочетание стейкома,1
рёбрышко сыр,1
карпаччо почка,1
гриль креветка,1
блюдо прованский кухня,1
рыба свинин,1
свинин стейка,1
закуска пирог,1
вино мир,1
пара пирог,1
соус шпинат,1
краб омар,1
утка чернослив,1
известный качество,1
сыр ягнятина,1
гра паштет,1
каре соус,1
китайский кухня утка,1
салат суп,1
восточный кухня лёгкое,1
свинин тапенад,1
компаньон оленина,1
ростбиф холодное,1
качество прекрасно,1
суши тапас,1
моллюск холодное,1
блюдо помидор,1
знаменитый коктейль,1
анчоус салат,1
гусем мясо,1
дичь паста,1
закуска молодая,1
пара скат,1
рыбный телятина,1
азиатский кухня морепродукт,1
барашком паста,1
гастрономический мочь,1
красный стейк,1
карбонар колбаса,1
баранина овощ,1
свинин сырой,1
дополнять суши,1
баранина подавать,1
вино десертный,1
карри филе,1
rigotte молоко,1
блюдо борщ,1
выдержать кабан,1
кондитерский подавать,1
телятина ягнёнок,1
птица утка,1
кальмар мясо,1
морской птица,1
сопровождение соус,1
блюдо стир,1
гусь утка,1
скат шпинат,1
- бургиньон,1
баранина сочетание,1
сибас соус,1
большинство пара,1
овощ средний,1
мороженое также,1
соус томатный,1
без мясо,1
сицилийский сочетаться,1
красный рагу,1
вырезка говядина,1
маракуйя сироп,1
лисичка оленина,1
рататуй сельдь,1
вино немногий,1
кабанчик сыр,1
морепродукт порекомендовать,1
петух ягнёнок,1
васаби терияк,1
голубой подойти,1
дичь курица,1
аперитив идеально,1
птица сочетание,1
тара тара,1
мясо тёплый,1
карпаччо лосось,1
вид насыщенный,1
плесень число,1
гра десерт,1
дичь цыплёнок,1
сыр число,1
грейпс сикс,1
восточный кухня другой,1
курица рыба,1
гра морепродукт,1
мясо строгановск,1
кухня сицилийский,1
паста специя,1
лещ суп,1
дичь печень,1
десерт пряный,1
азиатский рыба,1
вино мясной,1
закуска цыплёнок,1
как прекрасно,1
морепродукт суши,1
гусь же,1
дополнение суп,1
свинин ягнёнок,1
аперитив пара,1
китайский японский кухня,1
салат тост,1
тёмный шоколад,1
морепродукт цыплёнок,1
блюдо композиция,1
паштет рыба,1
грудка тёплый,1
мясо шафран,1
кролик магра,1
восточный кухня суши,1
салат цезарь,1
лёгкое так,1
карри яблоко,1
мороженое шарик,1
пряность соус,1
бланкетта телятина,1
пицца свинин,1
рыбный сыр,1
изделие суп,1
blanquette телятина,1
пицца свинина,1
mozzarella моцарелла,1
- самый,1
десерт сыр,1
говядина твёрдый,1
сочетание тоник,1
борщ говядина,1
грудинка рагу,1
основа фуа,1
предложить холодное,1
десерт джем,1
баранина порекомендовать,1
антрекот дичь,1
зелёный морепродукт,1
блюдо болоньеза,1
рак соус,1
колбаска пицца,1
карбонар паста,1
бефстроганов сырой,1
кляр пирог,1
гра птица,1
ассорти сочетаться,1
стинк трюфель,1
закуска подавать,1
террина фуа,1
ореховый сыр,1
вариант презунто,1
гра сочетаться,1
бекон свинина,1
икра лосось,1
салат утка,1
дичь ризотто,1
пирог суп,1
королевск свинина,1
блюдо итальянский кухня,1
без сопровождение,1
лёгкое сухофрукты,1
графенберг рислинг,1
вина кролик,1
барбекю также,1
пицца птица,1
выпечка тёмный,1
мясной сопровождать,1
начинка паста,1
говядина красный,1
индейка свинина,1
сочеатться шоколад,1
гриб оленина,1
мясо сладкое,1
егерьск перец,1
индейка филе,1
также шоколад,1
томат чеснок,1
паштет террина,1
салат фрая,1
лобстер морской,1
карпаччо тара,1
долме лагмана,1
идеально суши,1
рагу специя,1
дополнить мясо,1
овощ полутвёрдый,1
домашний колбаса,1
копчёный сёмга,1
лапка лягушачий,1
мясной стейка,1
голень трюфель,1
аперитив дижестив,1
мидия моллюск,1
мясо сырой,1
лазанья равиоли,1
черта шафран,1
грибной телятина,1
мясо рёбрышко,1
барбекю сладкое,1
- мясной,1
долька лимон,1
порекомендовать тушёный,1
блюдо слишком,1
спаржа улитка,1
соус томат,1
паста ягнёнок,1
стоить сыр,1
подходить рыба,1
мясо свинина,1
джим михан,1
немногий сыр,1
кухня пьемонтский,1
сыр харчо,1
основа телятина,1
курица улитка,1
суп томатный,1
аперитив это,1
вино особенно,1
овощ сочетаться,1
лосось сыр,1
аперитив прекрасный,1
трава ягнёнок,1
карри соус,1
дижестив сопровождать,1
лосось сочетание,1
апельсин соус,1
почка также,1
овощ пара,1
молодой птица,1
десерт тарелка,1
гриль острый,1
вид рагу,1
пикантный порекомендовать,1
вид гриль,1
кебаб сувлак,1
гриб трюфель,1
итальянский сочетание,1
колбаска ягнёнок,1
мясо рагу,1
блюдо японский кухня,1
дичь шедевр,1
отлично салат,1
порекомендовать французский,1
моцарелла мясо,1
блюдо конфи,1
black noval,1
перепёлка порекомендовать,1
десерт салат,1
десерт число,1
дополнение мясной,1
дополнение морепродукт,1
любой мясо,1
блюдо сорт,1
бри сыр,1
салями сочетаться,1
белые свинина,1
haut высокий кухня,1
рецепт рыба,1
карп щука,1
морепродукт невыдержанный,1
вино дополнять,1
порт тоник,1
гармоничный пара,1
вино закуска,1
сыр удачно,1
крыжовник соус,1
десерт птица,1
свежий фрукт,1
борщ закуска,1
грудка салат,1
пара паэлье,1
сыр фруктовый,1
сладкое ягнёнок,1
кухня паста,1
"("" -",1
закуска телятина,2
белые сочетание,2
голень карпаччо,2
закуска птица,2
гриль приготовить,2
дичь кисло,2
овощ тунец,2
говядина приправа,2
ароматный говядина,2
соус стейками,2
печень телятина,2
стейк телятина,2
курица пряность,2
гриль сардина,2
качество сыр,2
мясо оленина,2
блюдо десерт,2
вино подойти,2
блюдо основа,2
гребешок морепродукт,2
колбаса стейка,2
сопровождение также,2
дичь копчёность,2
выдержать рыба,2
закуска разнообразный,2
морепродукт суп,2
жирный рыба,2
карпаччо сочетаться,2
бела гра,2
bufala mozzarella,2
блюдо тосканский,2
закуска кролик,2
же ризотто,2
специя также,2
десерт ягодный,2
орешек сыр,2
мясо тальятелла,2
карпаччо тунец,2
выдержать хамон,2
блюдо специя,2
телятина ягнятина,2
креветка осьминог,2
дополнение комплексный,2
аперитив отлично,2
закуска рагу,2
дичь утка,2
белые свинин,2
крем тальятелла,2
пармезан салат,2
блюдо комплексный,2
подаваться свинина,2
гребешок овощной,2
блюдо пряность,2
cочетаться аперитив,2
антипасти сочетаться,2
второе дичь,2
овощ птица,2
овощ устрица,2
десерт трубочка,2
гребешок птица,2
салат фруктовый,2
барашком выдержка,2
гребешок пряность,2
соус улитка,2
косточка ягенкома,2
поросёнок сыр,2
дижестив также,2
рикотт сыр,2
морепродукт отлично,2
закуска овощ,2
аперитив рекомендоваться,2
заяц с,2
телятина холодный,2
гриль изделие,2
пьемонтский кухня стинк,2
болоньеза тушёный,2
птица экзотический,2
порекомендовать телятина,2
блюдо гриб,2
имбирь специя,2
аккомпанемент холодное,2
количество сочетаться,2
quintarelli амарон,2
ветчина сыр,2
закуска морской,2
гриб кролик,2
бургундский сочетаться,2
образец являться,2
гребешок гриль,2
дичь колбаска,2
рёбрышко соус,2
имбирь соус,2
лосось форель,2
капуста пирог,2
мясо сопровождение,2
гриль эльзас,2
великое сопровождение,2
салат форель,2
выпечка подаваться,2
колбаска солянка,2
пицца салями,2
овощной суп,2
мидия морепродукт,2
молочный поросёнок,2
соус сочетание,2
гра сыр,2
дополнение мясо,2
качество употребляться,2
лапка тунец,2
карпаччо тюрбо,2
пряный птица,2
соус трава,2
курица сочетаться,2
качество температура,2
восточный кухня сыр,2
превосходно сопровождение,2
дичь рыба,2
белые гребешок,2
блюдо экзотический,2
ветчина запеканка,2
дыня овощной,2
горячее порекомендовать,2
печь ягнятина,2
соус фруктовый,2
ветчина сочетаться,2
caberlo медитативный,2
медитация образец,2
оленина пряный,2
соус щука,2
салат шейка,2
лёгкое соус,2
говядина прожарка,2
бела морепродукт,2
дар море,2
великое событие,2
грудка пряность,2
вино подчеркнуть,2
caberlo il,2
гриль также,2
подходить сыр,2
качество подойти,2
сочетание суп,2
конт салерс,2
блюдо томат,2
пикник пицца,2
хамон чоризо,2
голубой шоколад,2
молочный мясо,2
жюльеном рыба,2
сочетаться также,2
сыр чернослив,2
сочетаться трюфель,2
кровь свинин,2
карпаччо пьемонтский кухня,2
десерт творожный,2
речной сочетание,2
сыр сэн,2
мюнстер эльзас,2
изделие сыр,2
вишня ягнёнок,2
лёгкое суп,2
гра творожный,2
азиатский кухня употребляться,2
мясо сочный,2
изделие кондитерский,2
хамон чорисо,2
пирог рыба,2
аперитив в,2
- стракотто,2
оленина стейками,2
качество соус,2
лёгкое мясо,2
десерт пудинг,2
зелень сырой,2
прожарка сочный,2
овощ ягнёнок,2
вырезка к,2
карпаччо утка,2
блюдо кухня,2
блюдо овощной,2
идеальный сопровождение,2
паста также,2
гребешок цыплёнок,2
кулебяка осетрина,2
вырезка лангуст,2
пряность специя,2
подаваться эльзас,2
индейка цыплёнок,2
блюдо карри,2
мясо утка,2
блюдо предложить,2
выпечка фрукт,2
жареный кабан,2
запеканка мясо,2
рыба стракотто,2
рыба угорь,2
барашек седло,2
курица свинина,2
дичь фазан,2
грудинка соус,2
гриль стейкома,2
сочетаться утка,2
cочетаться лёгкое,2
розмарин сочетаться,2
сыр трубочка,2
колбаска пирог,2
качество отлично,2
дыня спаржа,2
морепродукт спаржа,2
выдержать трава,2
высокий кухня к,2
лосось фуа,2
овощ соус,2
моллюск соус,2
гриль печь,2
кухня средиземноморский,2
вишня оленина,2
пудинг сухофрукты,2
кухня солянка,2
сорт сыр,2
говядина оленина,2
мёд розмарин,2
лёгкое подойти,2
вино гриль,2
свинин ягнятина,2
время течение,2
блюдо средиземноморский,2
дичь сочетание,2
мюнстер сыр,2
телятина ягодный,2
барашек дополнение,2
аперитив подавать,2
морепродукт сырой,2
овощ ягнятина,2
паста разнообразный,2
пирог птица,2
превосходно фуа,2
угорь форель,2
а блюдо,2
мидия мясо,2
блюдо количество,2
дополнить рагу,2
овечий пряность,2
дичь морепродукт,2
паста салями,2
рикотт стружка,2
рагу сочетание,2
барбекю паста,2
горгонзола сыр,2
гриль стейка,2
"("" bourguignonne",2
десерт качество,2
винный гриль,2
сочетаться фруктовый,2
говядина ягнятина,2
лазанья рыба,2
барашек каре,2
аперитив хороший,2
бофора салерс,2
блюдо традиционный,2
блюдо пирог,2
сочетаться холодное,2
блюдо фрукт,2
колбаска также,2
гриль пара,2
индейка ягнёнок,2
сигара сопровождение,2
барбекю блюдо,2
азиатский кухня паста,2
блюдо красный,2
гриль чорисо,2
брюла торт,2
салат также,2
блюдо второе,2
бела салат,2
сливочный телятина,2
дичь с,2
паштет также,2
ореховый телятина,2
белые восточный кухня,2
лосось сардина,2
сочетание форель,2
вино один,2
боб птица,2
кальмар осьминог,2
подавать рыбный,2
артишок салат,2
курица ягнятина,2
свинина ягенкома,2
курица мёд,2
курица сыр,2
bottarga сочетаться,2
блюдо большинство,2
ризотто устрица,2
аперитив подходить,2
сибасс устрица,2
креветка сочетаться,2
голубой трюфель,2
ароматный мясо,2
дичь пернатый,2
il сыр,2
вино хороший,2
качество сухофрукты,2
кабан также,2
рыба сорт,2
гуляш мясной,2
большинство горячее,2
свинин соус,2
гриб ризотто,2
также утка,2
блюдо рекомендоваться,2
колбаса сыр,2
мидия сочетаться,2
закуска спаржа,2
крем сыр,2
говядина кролик,2
лук приправа,2
лазанья томат,2
кисло сладкое,2
ризотто рыба,2
ореховый соус,2
дичь индейка,2
заяц кабан,2
жульен телятина,2
кролик рагу,2
мясной салат,2
копчёный рыба,2
сыр часть,2
бургундский кухня,2
карри курица,2
лангуст майоран,2
курица сырой,2
сочетаться хамон,2
дичь подавать,2
паштет птица,2
сочетаться тартар,2
течение тосканск,2
утка фуа,2
закуска сопровождение,2
морепродукт тунец,2
мясо приправа,2
лёгкое рыба,2
кухня тосканский,2
дижестив прекрасный,2
рёбрышко стейками,2
ассорти мясо,2
лёгкое сыр,2
сигара сочетаться,2
мясо подходить,2
карри свинина,2
выпечка цедра,2
капуста осетрина,2
молодая салями,2
белые птица,2
антипасти блюдо,2
ризотто ягнятина,2
салат цедра,2
вечеринка качество,2
свинин специя,2
острый соус,2
a bourguignonne,2
бисквит выпечка,2
паппарделла соус,2
морепродукт свинина,2
жюльеном сыр,2
барашком блюдо,2
рыба тунец,2
свинин сыр,2
сопровождение трапеза,2
мягкий сыр,2
любой сочетаться,2
дополнение кальмар,2
прожарка ягнёнок,2
гра телятина,2
дичь являться,2
специя твёрдый,2
рыба филе,2
сочетание стейками,2
ветчина стейка,2
кухня также,2
блюдо пряный,2
a лапка,2
вино медитативный,2
время говядина,2
овечий чорисо,2
колбаса паста,2
краб шейка,2
паштет печень,2
также трава,2
а твёрдый,2
гриль кролик,2
оленина птица,2
сыр тунец,2
лосось салат,2
орешек сухофрукты,2
сочетаться шоколад,2
говядина стейк,2
майоран сочетаться,2
кровь овощ,2
каре порекомендовать,2
икра тунец,2
телятина трава,2
говядина свинина,2
косточка сыр,2
ассорти гриль,2
приправа соус,2
говяжий стейка,2
дичь часть,2
индейка трава,2
блюдо утка,2
лобстер рак,2
зелёный салат,2
боб рагу,2
мясо острый,2
сыр фрукт,2
вечеринка пицца,2
bottarga икра,2
блюдо сметь,2
гриль паста,2
выдержать мясо,2
птица ягодный,3
колбаса тосканск,3
время сопровождать,3
аросто ягнёнок,3
гриб сыр,3
дичь твёрдый,3
соус спаржа,3
haut блюдо,3
говядина трава,3
говядина специя,3
classico quintarelli,3
bistecca блюдо,3
ризотто сопровождать,3
выдержать дичь,3
индейка овощ,3
порекомендовать стейка,3
прожарка стейками,3
аперитив компаньон,3
гастрономический дичь,3
блюдо форель,3
в морепродукт,3
дичь стейка,3
сметанный чернослив,3
аросто бароть,3
зелень морепродукт,3
соус специя,3
лангустин соус,3
брюла крем,3
грудка соус,3
рыба салат,3
подавать стейка,3
дичь прожарка,3
говядина салат,3
паштет сочетаться,3
быть различный,3
alla bistecca,3
трюфель утка,3
закуска сочетание,3
салат спаржа,3
русский кухня так,3
гриль салями,3
лосось рыба,3
блюдо овощ,3
высокий кухня также,3
аперитив салат,3
кухня мясо,3
fiorentina бифштекс,3
гастронимиеский хотеться,3
сочетание ягодный,3
белые кролик,3
белые гра,3
морепродукт пицца,3
говядина гуляш,3
вино такой,3
гриль молодая,3
медитация то,3
гармонировать соус,3
несложный пара,3
della valpolicella,3
время то,3
мясной соус,3
гриль копчёность,3
на стейк,3
большинство сочетаться,3
блюдо суп,3
речной форель,3
блюдо русский,3
курица свинин,3
прожарка сыр,3
пицца салат,3
бароть ризотто,3
величие вино,3
свинина сладкое,3
мясной паста,3
закуска индейка,3
гастронимиеский сопровождение,3
лёгкое порекомендовать,3
соус экзотический,3
каре оленина,3
сочетаться суп,3
- рулька,3
classico valpolicella,3
гриль индейка,3
вино отличный,3
краб свинина,3
гастрономический изыск,3
вино ягнёнок,3
аккомпанемент качество,3
ризотто ягнёнок,3
колбаса соус,3
alla fiorentina,3
рыба холодное,3
бароть бразато,3
кухня русский,3
компаньон лёгкое,3
лосось стейкома,3
перец сладкое,3
гриль тюрбо,3
величие подчеркнуть,3
пекорино сыр,3
соус ягнятина,3
блюдо подчеркнуть,3
вино очередь,3
ризотто суп,3
дичь рагу,3
вителло голень,3
рагу салат,3
гриль число,3
сыр цыплёнок,3
гра также,3
говядина косточка,3
дижестив сочетаться,3
вителло стинк,3
мясной традиционный,3
краб соус,3
высокий кухня дичь,3
блюдо средиземноморский кухня,3
гриль розмарин,3
блюдо тунец,3
горячее сочетание,3
мясо экзотический,3
кролик курица,3
моллюск овощ,3
высокий кухня рыба,3
сочетание холодное,3
amarone della,3
блюдо лосось,3
порекомендовать рыба,3
рагу соус,3
дичь трюфель,3
событие также,3
оно сопровождение,3
а сопровождение,3
кухня суши,3
русский кухня сочетаться,3
блюдо фуа,3
- бифштекс,3
стейка также,3
сыр тосканский кухня,3
toscana рулька,3
кролик паста,3
рыба суши,3
голубой сочетаться,3
качество охладить,3
розмарин сырой,3
блюдо устрица,3
порекомендовать рагу,3
голубой гра,3
твёрдый трава,3
аперитив комнатный,3
оно подчеркнуть,3
бефстроганов стейк,3
гриль устрица,3
моллюск сыр,3
бефстроганов болоньеза,3
белые также,3
винный соус,3
дичь закуска,3
белые дичь,3
закуска соус,3
сыр трава,3
подойти холодное,3
пармезан перец,3
зелень салат,3
alla ossibuchi,3
лёгкое цыплёнок,3
бразато пьемонтский кухня,3
морепродукт также,3
блюдо так,3
выдержать соус,3
гриль птица,3
десерт пикантный,3
гриль рёбрышко,3
вино хотеться,3
гриль трава,3
птица свинина,3
морепродукт ризотто,3
ароматный сыр,3
сметанный соус,3
блюдо несложный,3
бефстроганов гриль,3
краб сыр,3
оленина рагу,3
овощ паста,3
лёгкое холодное,3
сочетаться устрица,3
alla toscana,3
- ossibuchi,3
вино подходить,3
в число,3
гребешок сочетание,3
гриль оленина,3
изыск пьемонтский кухня,3
блюдо сочетаня,3
рыба утка,3
а сочетаня,3
морепродукт птица,3
дичь полутвёрдый,4
crottin шавиньоль,4
выпечка десерт,4
ризотто сыр,4
салат тунец,4
рыба сочетание,4
гребешок соус,4
говядина свинин,4
груша пирог,4
блюдо порекомедовать,4
блюдо гармонировать,4
блюдо сопровождать,4
рыба сёмга,4
лосось сопровождение,4
бланманже десерт,4
вино гастрономия,4
гриль сочетаться,4
говядина стейкома,4
курица паста,4
кухня тайский,4
в сыр,4
блюдо ризотто,4
баранина утка,4
белый блюдо,4
аперитив морепродукт,4
закуска паста,4
молодая морепродукт,4
дополнение салат,4
салат соус,4
жаркое мясо,4
chavignol гребешок,4
паста сочетание,4
горячее холодное,4
ассорти порекомендовать,4
блюдо такой,4
соус сырой,4
карпаччо трюфель,4
пряный соус,4
блюдо тайский,4
говядина филе,4
блюдо свинина,4
блюдо различный,4
гриль жаркое,4
морепродукт сладкое,4
креветка рыба,4
пряный трава,4
сёмга телятина,4
жаркое ягнятина,4
блюдо блюдо,4
сопровождение суп,4
блюдо жареный,4
говядина молодая,4
паста тунец,4
дичь колбаса,4
мясо подавать,4
ризотто соус,4
сыр утка,4
дичь ягодный,4
блюдо спаржа,4
блюдо разнообразный,4
блюдо китайский кухня,4
сыр фуа,4
гриль сливочный,4
оленина сочетание,4
гребешок сен,4
говядина паста,4
баранина свинин,4
сыр сырой,4
гриль филе,4
соус холодное,4
краб лангустин,4
деликатес тосканский кухня,4
мясо специя,4
вино дополнить,4
птица эльзас,4
кролик мясо,4
мясо пряный,4
бланманже груша,4
морепродукт мясо,4
гриль кальмар,4
паста суп,4
говядина карпаччо,4
гусь предпочитать,4
баранина жареный,4
курица сочетание,4
гра соус,4
барбекю мясо,4
chavignol crottin,4
морепродукт сочетание,4
белые гриль,4
гусь рулька,4
говядина птица,4
говядина стейками,4
блюдо шейка,4
блюдо козий,4
порекомендовать рёбрышко,4
гребешок лосось,4
сыр шавиньоль,4
дичь порекомендовать,4
соус фуа,4
сочетание телятина,4
овощ свинин,4
пицца также,4
жак сен,4
вечеринка вино,4
гриль омар,4
качество морепродукт,4
гриль свинина,4
гуляш сочетаться,4
белые блюдо,4
моллюск рыба,4
гриль рагу,4
креветка салат,4
кролик сочетаться,4
местный шукрут,4
десерт фруктовый,4
блюдо свинин,4
дополнение лёгкое,4
сочетаться стейкома,4
жак лёгкое,4
предпочитать эльзас,4
мясо ризотто,4
пикантный сыр,4
деликатес колбаска,4
гриль на,4
манго соус,4
блюдо местный,4
лосось мясо,4
блюдо моллюск,4
гриль лёгкое,4
говядина дополнение,4
гриль сырой,4
выдержка гастрономический,4
блюдо ягнятина,4
cuisine haut,4
говядина овечий,4
телятина утка,4
вино качество,4
блюдо вино,4
индейка курица,4
свинина сочетаться,5
дичь косточка,5
десерт сочетаться,5
вкус паста,5
себя требовать,5
мятый рулет,5
утка ягнятина,5
свинина соус,5
соус трюфель,5
говядина мясо,5
сочетание сыр,5
дичь специя,5
тандурь ягнёнок,5
вино прекрасно,5
блюдо холодное,5
комнатный температура,5
сам сыр,5
колбаска сыр,5
сопровождение ягнёнок,5
жаркое трава,5
дичь петух,5
жареный паштет,5
бела сочетаться,5
голубой соус,5
баранина выдержать,5
блюдо же,5
мясо суп,5
прожарка соус,5
омар рыба,5
молодая соус,5
десерт фрукт,5
морской рыба,5
рис сложный,5
пара плесень,5
мясо паштет,5
quintarelli вино,5
омар соус,5
- тосканск,5
барбекю закуска,5
блюдо рыбный,5
вино подавать,5
ароматный гриль,5
сочетаться фуа,5
не быть сочетаться,5
каре филе,5
свинина телятина,5
рыба цыплёнок,5
паста птица,5
гриль жареный,5
медитация прекрасно,5
лангустин специя,5
душистый трава,5
лангустин мятый,5
haute блюдо,5
телятина цыплёнок,5
мясо также,5
cuisine haute,5
stilton сыр,5
другой тандурь,5
закуска мясо,5
сопровождение требовать,5
же сыр,5
паштет рулет,5
же соус,5
омар специя,5
соус тунец,5
жареный утка,5
душистый филе,5
дичь свинин,5
копчёность сыр,5
не быть сопровождение,5
тарелка шоколад,5
рыба устрица,5
дичь также,5
баранина блюдо,5
курица соус,5
горький десерт,5
порекомендовать ягнёнок,5
горячее закуска,5
баранина оленина,5
рулька шукрут,5
мясо равиоли,6
закуска колбаска,6
салат сочетание,6
блюдо пара,6
рыба суп,6
сочетание шоколадный,6
ассорти мясной,6
жаркое сочетаться,6
рёбрышко ягнёнок,6
гриль пицца,6
пицца сыр,6
аккомпанемент блюдо,6
сыр хамон,6
подойти рыба,6
лёгкое морепродукт,6
закуска суп,6
вино гастрономический,6
стейкома сыр,6
говядина чернослив,6
лёгкое сопровождение,6
блюдо речной,6
блюдо колбаса,6
ароматный трава,6
вино сопровождение,6
овощ телятина,6
сложный соус,6
перец соус,6
стейками сыр,6
индейка утка,6
выгодно особенность,6
горький шоколад,6
паста рыба,6
мясо цыплёнок,6
козий сыр,6
выдержка средний,6
гриль свинин,6
говядина сыр,6
мясной сочетание,6
паста сыр,6
особенность сольдёр,6
красный сочетаться,6
качество сопровождение,6
блюдо горячее,6
молодая рыба,6
закуска морепродукт,6
блюдо оленина,6
ризотто трюфель,6
барбекю сочетаться,6
морепродукт устрица,6
говядина закуска,6
паста салат,6
равиоли сыр,6
выгодно высокий кухня,6
прожарка стейка,6
конт сыр,6
лосось соус,6
изысканный сопровождение,6
гриль стейками,7
пара прекрасный,7
салат сопровождение,7
баранина сочетаться,7
дичь оленина,7
десерт сочетание,7
дижестив сопровождение,7
качество также,7
баранина жаркое,7
дичь овощ,7
блюдо рис,7
рагу ягнёнок,7
белые морепродукт,7
белые сочетаться,7
птица сочетаться,7
овощ салат,7
рагу сыр,7
морепродукт овощ,7
курица морепродукт,7
десерт шоколадный,7
кролик птица,7
закуска также,7
оленина ягнёнок,7
изысканный сочетаться,7
оленина сыр,7
блюдо трюфель,7
вина дичь,7
аперитив блюдо,7
соус цыплёнок,8
паста ризотто,8
грибной дичь,8
птица телятина,8
дичь же,8
вкус подчеркнуть,8
прекрасный также,8
оленина сочетаться,8
болоньеза паста,8
аперитив вино,8
вино сочетание,8
говядина стейка,8
полутвёрдый сыр,8
свинин телятина,8
овощ рыба,8
закуска различный,8
вино пикник,8
баранина сыр,8
белый мясо,8
мясо омар,8
сочетание ягнёнок,8
баранина трава,8
птица сыр,8
салат холодное,8
cuisine выдержать,8
морепродукт паста,8
гриль утка,8
белые соус,8
порекомендовать салат,9
курица салат,9
великое вино,9
жареный телятина,9
аперитив дополнение,9
закуска пицца,9
рагу телятина,9
сочетаться телятина,9
морепродукт соус,9
качество порекомендовать,9
мясо паста,9
десерт сопровождение,9
пара сыр,9
десерт также,9
специя сыр,9
говядина порекомендовать,9
блюдо дополнение,9
закуска мясной,9
салат сыр,9
блюдо дополнить,9
беф бургиньон,10
блюдо бургундский кухня,10
косточка ягнёнок,10
вина сыр,10
бургиньон дичь,10
мясо сочетание,10
блюдо пьемонтский кухня,10
высокий кухня сыр,10
аперитив лёгкое,10
говядина телятина,10
соус стейкома,10
грибной соус,10
дижестив сочетание,10
беф бургундский кухня,10
гастрономический сопровождение,10
вина мясо,10
вино высокий кухня,10
овечий сыр,10
дичь ягнятина,10
сыр телятина,10
кролик соус,10
сыр ягнёнок,10
сочетаться тушёный,10
ассорти блюдо,10
кролик петух,10
кролик сыр,10
говядина сочетаться,10
краб мясо,11
дичь кролик,11
прекрасно себя,11
высокий кухня мясо,11
баранина ягнёнок,11
плесень сыр,11
блюдо лангустин,11
оленина соус,11
сливочный соус,11
мясо овощ,11
баранина ягодный,11
соус твёрдый,11
паста пицца,11
закуска рыба,11
овощ сыр,11
говядина гриль,11
дичь птица,11
лангустин лобстер,11
подойти также,11
вино прекрасный,11
лобстер сочетаться,11
нуждаться сопровождение,12
вино нуждаться,12
речной рыба,12
мочь сухофрукты,12
сыр трюфель,12
блюдо телятина,12
соус также,12
орех сыр,12
бордель сыр,12
десерт лёгкое,12
блюдо восточный кухня,12
дополнение прекрасный,12
сыр сыр,12
рагу сочетаться,13
в сам,13
барашек гриль,13
блюдо птица,13
паста сочетаться,13
орех сухофрукты,13
блюдо порекомендовать,13
гриль телятина,13
мясо салат,13
качество мочь,13
закуска сыр,13
гриль колбаска,14
рыба сыр,14
блюдо тосканский кухня,14
вино гастрономичный,14
каре ягнёнок,14
а сочетание,14
мясо телятина,14
прекрасный сопровождение,14
гриль соус,15
бела блюдо,15
сладкое соус,15
баранина соус,15
мясо тушёный,15
блюдо изысканный,15
закуска порекомендовать,15
сыр также,16
блюдо сложный,16
баранина гриль,16
говядина ягнёнок,16
говядина рагу,16
блюдо подавать,16
морепродукт сочетаться,16
птица рыба,16
гриль морепродукт,17
вина петух,17
блюдо подойти,17
дичь телятина,17
блюдо лёгкое,18
лёгкое сочетаться,18
сочетаться ягнёнок,18
говядина дичь,18
блюдо курица,18
блюдо говядина,19
сам также,19
закуска сочетаться,19
в сочетание,19
соус утка,19
красный мясо,19
сочетание также,20
а сам,20
голубой сыр,20
бордель выдержать,20
соус ягнёнок,20
мясо подойти,20
соус ягодный,20
баранина телятина,20
аперитив сопровождение,20
блюдо ягнёнок,20
паста соус,21
вино сыр,21
азиатский кухня блюдо,21
блюдо паста,22
мясо ягнёнок,22
салат сочетаться,22
баклажан цуккиня,22
гриб цуккиня,22
блюдо также,22
гриб пряность,22
лёгкое сочетание,23
блюдо соус,23
белые рыба,23
закуска салат,23
баранина дичь,23
сыр твёрдый,23
дичь пряность,24
дичь ягнёнок,25
морепродукт сыр,26
молодая сыр,26
дижестив качество,26
мясо порекомендовать,26
сочетаться сыр,27
гра фуа,28
закуска холодное,28
вкус дичь,28
сочетание так,29
сам так,29
блюдо сопровождение,29
жареный мясо,29
блюдо вкус,30
бела рыба,30
баранина говядина,31
- филе,31
- бордель,31
морепродукт салат,31
дичь особенность,32
аперитив сочетаться,32
голубь филе,32
блюдо закуска,32
голубь особенность,32
мясной сочетаться,33
блюдо салат,34
вино сам,35
соус телятина,36
рыба сочетаться,36
птица соус,36
аперитив также,36
гриль овощ,36
вино медитация,37
рыба соус,38
мясо мясо,38
говядина соус,42
мясо соус,43
лёгкое салат,44
дичь сочетаться,44
мясо сыр,47
мясо рыба,47
блюдо высокий кухня,49
выдержать сыр,50
гриль сыр,51
аперитив сочетание,51
гриль дичь,52
гриль ягнёнок,52
морепродукт рыба,54
блюдо мясной,54
мясо сочетаться,55
закуска лёгкое,57
мясо птица,59
блюдо сыр,60
блюдо гриль,65
вино сочетаться,66
белые мясо,72
гриль рыба,78
блюдо рыба,82
выдержка сыр,89
блюдо морепродукт,89
дичь соус,91
аперитив качество,97
соус сыр,112
блюдо сочетание,123
блюдо дичь,124
блюдо сочетаться,153
гриль мясо,166
дичь мясо,169
дичь сыр,169
блюдо мясо,212
