лёгкое фруктовый,2
не выдержать пряный,2
красный непродолжительный,2
белый сухой,2
белый хорошеть,2
дуб сладкое,2
минеральный элегантный,2
фруктовый ярка,2
дуб сухой,2
креплёный сладкое,2
непродолжительный фруктовый,2
выдержать сухой,2
лёгкое сладкое,2
частичный элегантный,2
минеральное элегантное,2
не выдержать ярка,2
насыщенное розовое,2
минеральный частичный,2
выдержка минеральный,2
дуб минеральный,2
дуб непродолжительный,2
среднетелый частичный,2
насыщенное яркой,2
пряный среднетелый,2
мощный пряный,2
выдержка непродолжительный,2
кислотность сладкое,2
белый минеральный,2
и насыщенное,2
выдержка красный,2
выдержать среднетелый,2
частичной элегантное,2
крепленое не,2
красный полусладкое,2
выдержка ярка,2
сладкое хорошеть,2
лёгкое хорошеть,2
красный ярка,2
выдержка кислотность,2
выдержать сладкое,2
непродолжительный ярка,2
лёгкое ярка,2
комплексное яркой,2
мощный фруктовый,2
лёгкое полусладкое,2
фруктовый частичный,2
белый элегантный,2
кислотностью комплексное,2
выдержка элегантный,2
кислотностью насыщенное,2
креплёный сухой,2
белый среднетелый,2
белый мощный,2
выдержка среднетелый,2
выдержать пряный,2
сладкое яркой,2
не сухое,2
белое и,2
белый ярка,2
кислотность не выдержать,2
кислотность непродолжительный,2
белый выдержка,4
кислотность ярка,4
дуб ярка,4
сладкое частичной,4
выдержка частичный,4
дуб креплёный,4
белый частичный,4
дуб пряный,4
белый комплексный,4
белый кислотность,4
выдержанное концентрированное,4
выдержка фруктовый,4
концентрированное сладкое,4
в концентрированное,4
дубе концентрированное,4
- концентрированное,4
маслянистый не выдержать,4
красный лёгкое,4
выдержкой сладкое,4
белый сладкое,4
выдержать маслянистый,4
выдержать креплёный,4
кислотность лёгкое,4
красный пряный,4
белый креплёный,4
дуб частичный,4
белое концентрированное,4
не выдержать среднетелый,4
маслянистый фруктовый,4
комплексный маслянистый,4
выдержка дуб,6
среднетелый фруктовый,6
насыщенное сладкое,6
красный не выдержать,6
насыщенное частичной,6
красный среднетелый,6
комплексное розовое,8
выдержанное сухое,8
дуб маслянистый,8
белый маслянистый,8
белое сухое,8
выдержкой насыщенное,8
белый фруктовый,8
в сухое,8
- сухое,8
крепленое сухое,8
", концентрированное",8
насыщенное с,8
розовое элегантное,8
не выдержать фруктовый,8
дуб среднетелый,8
легкое сладкое,8
дубе сухое,8
легкое хорошей,8
красный округлый,10
белый выдержать,10
розовое с,10
выдержкой пряное,10
выдержать округлый,10
розовое частичной,10
пряное частичной,10
пряное фруктовое,10
выдержкой розовое,10
пряное с,10
дуб округлый,10
насыщенный округлый,10
выдержанное нейтральной,12
- полусладкое,12
выдержать яркий,12
мощное сладкое,12
хорошеть яркий,12
фруктовый яркий,12
красный яркий,12
балансом белое,12
емкости комплексное,12
красное частичной,12
балансом с,12
дуб хорошеть,12
- нейтральной,12
емкости нейтральной,12
нейтральной сладкое,12
в емкости,12
дуб яркий,12
емкости сладкое,12
", полусладкое",12
легкое полусладкое,12
красный хорошеть,12
красное полусладкое,12
в нейтральной,12
- хорошим,12
балансом хорошим,12
выдержанное емкости,12
выдержать кислотность,12
нейтральной элегантное,12
белое хорошим,12
балансом мощное,12
- балансом,12
комплексное нейтральной,12
белое емкости,12
сладкое элегантное,12
балансом сладкое,12
мощное хорошим,12
емкости элегантное,12
кислотность яркий,12
мощное с,12
с хорошим,12
выдержать хорошеть,12
сладкое хорошим,12
- емкости,12
белое нейтральной,12
фруктовый хорошеть,12
с сортов,14
ароматических с,14
выдержанное цветочно,14
кислотность хорошеть,14
. белое,14
маслянистое не,14
ароматических хорошей,14
из сладкое,14
кислотность фруктовый,14
маслянистое фруктовое,14
не цветочно,14
фруктовое цветочно,14
не выдержать освежать,14
кислотностью сортов,14
. не,14
освежающее фруктовое,14
лёгкое освежать,14
винограда с,14
сладкое сортов,14
винограда кислотностью,14
сортов хорошей,14
белое цветочно,14
из с,14
кислотность красный,14
. насыщенное,14
винограда хорошей,14
освежающее цветочно,14
ароматических сладкое,14
белый освежать,14
насыщенное не,14
ароматических кислотностью,14
винограда сладкое,14
дубе цветочно,14
из кислотностью,14
из хорошей,14
в цветочно,14
дуб освежать,14
непродолжительной элегантное,16
выдержать фруктовый,16
фруктовое элегантное,16
белое непродолжительной,16
", сухое",16
не элегантное,16
дуб кислотность,16
лёгкое не выдержать,18
выдержкой элегантное,18
с элегантное,18
комплексное сладкое,18
белый лёгкое,18
дуб лёгкое,18
белый не выдержать,20
красный фруктовый,20
ароматических яркое,22
из яркое,22
белое насыщенное,22
винограда яркое,22
сладкое хорошей,22
сортов яркое,22
насыщенное фруктовое,22
белое хорошей,22
насыщенный элегантный,24
белое крепленое,24
мощное фруктовое,24
кислотностью сладкое,24
", хорошим",24
", балансом",24
минеральное с,26
не яркое,26
освежающее розовое,26
минеральное частичной,26
дуб не выдержать,26
легкое розовое,26
выдержкой минеральное,26
", цветочно",28
- цветочно,28
дуб фруктовый,28
комплексное частичной,28
выдержкой комплексное,28
мощное пряное,30
белое элегантное,30
комплексное с,30
пряное среднетелое,34
белый дуб,34
не пряное,34
- из,36
- винограда,36
- сортов,36
винограда сортов,36
винограда из,36
белое винограда,36
", емкости",36
белое мощное,36
из сортов,36
ароматических сортов,36
ароматических белое,36
- ароматических,36
белое из,36
ароматических из,36
ароматических винограда,36
белое сортов,36
", нейтральной",36
с сладкое,40
белое среднетелое,44
мощный насыщенный,44
. кислотностью,46
. яркое,46
фруктовое хорошей,46
в хорошей,46
выдержанное хорошей,46
кислотностью яркое,46
. с,46
красное яркое,46
выдержкой среднетелое,46
дубе хорошей,46
хорошей яркое,46
с среднетелое,46
среднетелое частичной,46
. красное,46
красный мощный,46
с яркое,46
красное хорошей,46
. хорошей,46
белое яркое,48
выдержать мощный,48
дуб мощный,48
кислотностью непродолжительной,50
непродолжительной яркой,50
красное яркой,50
", винограда",50
", из",50
и фруктовое,50
", ароматических",50
фруктовое яркой,50
и непродолжительной,50
красное непродолжительной,50
и красное,50
", сортов",50
дубе свежее,52
и яркой,52
выдержанное свежее,52
в и,52
не яркой,52
в свежее,52
не свежее,52
не с,52
выдержкой и,52
выдержкой кислотностью,52
", и",52
- и,52
дубе и,52
- свежее,52
и с,52
выдержкой яркой,52
белое свежее,52
минеральное свежее,52
кислотностью не,52
и кислотностью,52
розовое фруктовое,56
легкое яркой,58
выдержанное яркой,58
. дубе,60
. в,60
комплексный элегантный,60
. выдержанное,60
комплексный красный,60
- .,60
. фруктовое,60
выдержкой красное,62
белое яркой,62
выдержанное пряное,64
выдержать комплексный,64
дуб комплексный,64
- непродолжительной,66
дубе непродолжительной,66
непродолжительной с,66
выдержкой непродолжительной,66
в непродолжительной,66
непродолжительной фруктовое,66
кислотностью легкое,66
легкое с,66
с хорошей,68
- хорошей,68
кислотностью хорошей,68
не розовое,70
фруктовое яркое,72
дубе яркое,72
выдержанное яркое,72
белое сладкое,72
фруктовое частичной,72
в яркое,72
красное пряное,74
дубе пряное,74
- пряное,74
в пряное,74
легкое фруктовое,76
дуб насыщенный,78
красный насыщенный,78
выдержать насыщенный,78
выдержанное розовое,80
белое частичной,80
", непродолжительной",82
красный элегантный,84
выдержать элегантный,84
белое кислотностью,84
дуб элегантный,86
красное легкое,88
дубе розовое,90
в розовое,90
- розовое,90
- яркое,94
кислотностью фруктовое,96
кислотностью красное,96
белое выдержкой,98
красное крепленое,100
комплексное не,100
с частичной,102
- частичной,102
в частичной,102
дубе частичной,102
выдержкой частичной,102
выдержанное с,104
", свежее",104
выдержанное кислотностью,104
красное сладкое,106
красное с,108
в яркой,110
дубе яркой,110
с яркой,112
кислотностью яркой,112
- яркой,112
не среднетелое,116
крепленое сладкое,116
", .",120
выдержанное крепленое,124
- крепленое,124
дубе крепленое,124
в крепленое,124
", розовое",126
дубе сладкое,130
минеральное не,136
", хорошей",136
выдержкой фруктовое,138
выдержанное сладкое,138
в сладкое,142
насыщенное округлое,148
", пряное",148
выдержанное округлое,148
в округлое,148
дубе округлое,148
- округлое,148
красное округлое,148
выдержать красный,154
в кислотностью,156
дубе кислотностью,156
белое фруктовое,158
дуб красный,162
выдержать дуб,164
", яркое",166
выдержкой дубе,170
- выдержкой,170
выдержкой с,170
в выдержкой,170
", яркой",172
- сладкое,178
- кислотностью,180
кислотностью с,180
с фруктовое,184
комплексное маслянистое,188
белое с,192
", частичной",194
- маслянистое,202
дубе маслянистое,202
в маслянистое,202
белое маслянистое,202
выдержанное маслянистое,202
красное не,208
комплексное минеральное,212
белое освежающее,216
выдержанное среднетелое,224
красное среднетелое,226
легкое освежающее,228
среднетелое фруктовое,236
выдержанное минеральное,240
не освежающее,242
выдержанное освежающее,242
в освежающее,242
дубе освежающее,242
", крепленое",248
- освежающее,256
в минеральное,266
дубе минеральное,266
белое минеральное,266
- минеральное,266
белое легкое,268
- среднетелое,270
не фруктовое,270
в среднетелое,270
дубе среднетелое,270
в с,274
дубе с,274
", выдержкой",278
", округлое",296
", кислотностью",308
- с,310
легкое не,356
в легкое,362
выдержанное легкое,362
дубе легкое,362
", сладкое",368
красное фруктовое,374
- легкое,382
насыщенное элегантное,382
", маслянистое",404
белое комплексное,418
выдержанное фруктовое,450
мощное насыщенное,452
белое не,460
красное мощное,482
", освежающее",484
дубе мощное,506
выдержанное мощное,506
в мощное,506
комплексное красное,514
- мощное,518
", минеральное",532
комплексное элегантное,534
", среднетелое",540
", с",558
дубе фруктовое,588
в фруктовое,588
- фруктовое,602
в не,738
выдержанное не,738
дубе не,738
- не,752
", легкое",752
белое выдержанное,820
красное элегантное,896
белое дубе,906
выдержанное комплексное,910
выдержанное элегантное,916
белое в,918
дубе элегантное,922
дубе комплексное,926
- элегантное,934
в элегантное,934
в комплексное,938
- комплексное,940
красное насыщенное,988
- белое,990
выдержанное насыщенное,1004
дубе насыщенное,1012
- насыщенное,1012
в насыщенное,1012
", мощное",1036
", фруктовое",1072
", не",1432
", элегантное",1880
", комплексное",1892
", белое",1940
выдержанное красное,1978
", насыщенное",2022
дубе красное,2040
в красное,2040
- красное,2052
выдержанное дубе,2866
в выдержанное,2878
- выдержанное,2892
в дубе,3036
- дубе,3050
- в,3062
", красное",4042
", выдержанное",5724
", дубе",5966
", в",6002
", -",6136
