меловой,1
гренок,1
рябина,1
рубинный,1
лимонов,1
липа,1
полынь,1
черноплодный,1
гарманичный кислотность,1
обволакивающий кислотность,1
еживика,1
одуванчик,1
куриный,1
джемовый кислотность,1
тягучий,1
ревень,1
говядина,1
нуга,1
свежий кислотность,1
чайный,1
бодрящий кислотность,1
пастила,1
окрулый,1
киви,1
орхидея,1
отчётливый кислотность,1
клевер,1
черёмуха,1
крошка,1
лёгкий кислотность,1
вишева,1
мох,1
имбирный,1
кекс,1
кофеный,1
сосновый,1
фруктвыя,1
идеальный кислотность,1
календула,1
грибной,1
недозрелый,1
выжжёный,1
сена,1
грейпс,1
леденец,1
рубино,1
грецкий,1
жирный,1
торт,1
превосходный кислотность,1
черносмородинный,1
сочный кислотность,1
цейлонский,1
луговой,1
дёготь,1
кумина,1
вяжущий,1
каштан,1
хвоя,1
сверхзрелый,1
шелковистость,1
копчёный,1
смордин,1
лакричный,1
пралине,1
овсяный,1
тонкий кислотность,1
ягодность,1
йогурт,1
черносмородина,1
активный кислотность,1
ржаной,1
сластинк,1
кизил,1
экспрессивный кислотность,1
прополис,1
барбарис,2
терракота,2
джеймс,2
перечный кислотность,2
мандариновый,2
цветущий,2
замечательный кислотность,2
цветочность,2
молодая,2
брюла,2
алыча,2
липовый,2
бульон,2
лимонник,2
вязка,2
вербена,2
яркий кислотность,2
нежность,2
сливочный кислотность,2
осенний,2
яблоневый,2
тёрн,2
частность,2
прованский,2
грушевый,2
садовый,2
тальк,2
лавр,2
песочный,2
галлонить,2
травяной,2
жасминовый,2
пленительный,2
помадка,2
бузина,2
насыщенный кислотность,2
сдобный,2
дюшес,2
высокий кислотность,2
женственный,2
сухоцвет,2
боярышник,2
кориандр,2
цитрусовый кислотность,2
анисовый,2
молодость,2
хурма,2
зелень,2
благовоние,2
эстрагон,2
маракуйя,2
устричный,2
янтарь,2
тутиный,2
болгарский,2
мощный кислотность,2
ларкиц,2
сладостный,2
солёный,2
порто,2
цветковый,3
пион,3
брутальное,3
орешек,3
ментоловый,3
камфора,3
многогранный кислотность,3
паприка,3
мягкость,3
терпкость,3
нежный кислотность,3
тмин,3
вереск,3
волнующий,3
хороший кислотность,3
торф,3
фруктовый кислотность,3
плотный кислотность,3
мятный,3
шоколадный,3
барбареско,3
средний кислотность,3
виноградник,3
спелый кислотность,3
бисквит,3
умеренный кислотность,3
кора,3
элегантный кислотность,3
комплексный кислотность,3
кремниевый,3
ирис,3
чернросливый,3
летний,3
печёный,3
травянистый,3
черничный,3
пчелиный,3
кедровый,3
мягкий кислотность,3
ксилотность,3
мускусный,4
индийский,4
кремовый кислотность,4
сырой,4
листва,4
розоватый,4
отличный кислотность,4
жжёный,4
мармелад,4
сироп,4
ириска,4
сдоба,4
лавровый,4
полнотелый кислотность,4
маракуи,4
солодка,4
бодрящий,4
кардамон,4
перезрелый,4
бергамот,4
апльсина,4
бледный,4
соломеный,5
банан,5
косточка,5
округлый кислотность,5
весенний,5
молочный,5
фруктовость,5
хлеб,5
гудрон,5
лососёвый,5
шиповник,5
сочность,5
смолистый,5
папайя,5
чистый кислотность,5
печение,5
охра,5
томатный,5
мощность,5
оранжевый,5
кола,6
землистый,6
объёмный кислотность,6
мускус,6
абрикосовый,6
марципан,6
чернильный,6
фундук,6
обожжёный,6
эспрессо,6
оливка,6
богатый кислотность,6
портвейн,6
вяленый,6
хлебный,7
гранат,7
выразительный кислотность,7
охристый,7
коробка,7
можжевельник,7
гастрономичный кислотность,7
медный,7
заварной,7
rock,7
мера,7
бриошь,7
новое,7
жаркое,7
розмарин,7
кокос,8
энергичный кислотность,8
яблочный,8
миндальный,8
варение,8
сирень,8
золотой,8
земляника,8
переспелый,8
амарон,8
корочка,9
шелковица,9
клюква,9
мясистый,9
стройный,9
ромашка,9
сигарный,9
мясо,9
рыжеватый,9
приятный кислотность,9
экспрессивный,9
терракотовый,9
слышный,9
деликатный кислотность,9
грибов,10
бриз,10
сандал,10
жасмина,10
щедрый,10
мускулистый,10
минеральный кислотность,10
таниновый,10
перечный,10
солоноватый,10
серебристый,11
нектарин,11
фенхель,11
свежескошенный,11
клубничный,11
среднетелый кислотность,11
эвкалипт,11
дичь,12
прекрасный кислотность,12
маслянистый кислотность,12
ореховый,12
ясный,13
густой,13
маслина,13
кремовый,13
мандарин,13
морской,13
уровень,14
бальзамический,14
кремень,14
выпечка,14
смородиновый,14
минеральность,14
сравнение,14
мускатный,14
конфитюр,15
сложность,15
лепесток,15
жимолость,15
сандаловый,16
свежесть,16
гвоздик,16
курага,16
апельсин,16
крыжовник,17
янтарный,17
голубика,17
изюм,18
танинный,18
смола,18
бел,18
жареный,19
дубовый,19
восточный,20
сладость,20
гармония,20
горчинка,20
ванильный,20
айва,21
мокрый,21
цукат,21
полевой,21
ежевичный,22
сладкий,22
акация,22
идеальный,22
пикантный,22
средиземноморский,23
малиновый,23
сливовый,23
светлый,24
шалфей,24
древесный,24
чистый,25
камень,25
манго,25
дерево,25
карамель,26
великолепный кислотность,26
инжир,27
какао,27
кирпичный,28
копчёность,28
лимон,28
тропический,30
джемовый,30
трюфель,31
минерал,31
розовый,32
пирог,32
мокко,32
графит,32
имбирь,33
дыня,34
черника,35
медовый,35
лаванда,35
корица,37
персиковый,38
сухофрукты,39
кофейный,41
устойчивый,41
сушёный,41
дымный,42
лёгкий,43
апельсиновый,43
зерно,44
обволакивающий,46
лепестковый,46
анис,46
сливочный,48
земля,49
энергичный,50
лайм,50
бордовый,52
дым,53
черешня,54
зелёный,55
экзотический,56
орех,56
черносмородиновый,56
ананас,56
ликёр,57
гармоничный кислотность,57
горький,59
клубника,59
сладкое,60
свежий,61
лесна,63
грейпфрут,64
фиолетовый,64
миндаль,64
ментол,66
табачный,66
лимонный,68
белый,68
крепкий,69
абрикос,70
сладковатый,71
роза,71
вишнёвый,73
сбалансированный кислотность,75
зрелый,77
мёд,79
цветочный,80
пряность,81
бархатный,82
маслянистый,83
мятый,86
груша,87
кофе,88
цедра,89
великолепный,90
объёмный,92
кедр,98
чернослив,98
сухой,102
нежный,105
перец,108
интенсивный,109
яблоко,114
дуб,118
деликатный,119
многогранный,120
зеленоватый,122
джема,129
золотистый,133
подлесок,134
мощный,141
гранатовый,144
персик,144
красивый,145
красных,146
тонкий,147
кислинка,150
жёлтый,152
белых,152
табак,153
тёмный,165
малин,165
плотный,166
ваниль,167
цитрусовый,183
мягкий,193
пурпурный,194
фиалка,199
ежевика,200
шоколад,225
трава,226
гармоничный,230
ягодный,248
фруктовый,254
комплексный,260
пряный,266
фрукт,272
слив,276
длительный,278
округлый,279
шелковистый,281
цветок,286
соломенный,291
среднетелый,298
богатый,298
сбалансированный,299
лакрица,301
смородина,346
лёгкое,346
бархатистый,361
минеральный,362
глубокий,366
продолжительный,383
кислотность,391
ягода,393
спелый,410
полнотелый,424
вишня,449
яркий,454
чёрный,477
специя,492
насыщенный,542
красный,542
рубиновый,698
танин,842
