сочетание томат,2
гриль тапенад,2
морепродукт пармезан,2
бургиньон сыр,2
дичь невыдержанный сыр,2
качество тоник,2
утка японский кухня,2
аперитив свинин,2
гарнир сыр,2
лисичка оленина,2
кислотность количество,2
лосось сорт,2
индейка мороженое,2
закуска медитация,2
блюдо маракуйя,2
вечер сыр,2
десерт мороженое,2
жареный рыба мясо,2
салат трапеза,2
жареный рыба пирог,2
дополнение цезарь,2
выдержка каре,2
дичь салями,2
закуска пара,2
сопровождение сухофрукты,2
закуска кислотность,2
васаби лосось,2
гарнир овощ,2
дичь курица,2
бел краб,2
высокий кухня яблоко,2
свинина шукрут,2
альянико молодой,2
королевск чернослив,2
компаньон ягнёнок,2
улитка шукрут,2
каперс сёмга,2
печение сопровождение,2
белые колбаска,2
прованский кухня рыба,2
телятина филе,2
копчёность специя,2
black вид,2
груша заяц,2
рулька салат,2
мягкий сыр начинка,2
паста твёрдый сыр,2
аперитив шафран,2
сладость холодное,2
закуска колбаса,2
гриль тайский кухня,2
пирог ягнёнок,2
лазанья паста,2
качество тунец,2
васаби пряность,2
паста рак,2
блюдо нежный рыба,2
карри манго,2
карри улитка,2
десерт соус,2
пармезан сыр,2
десерт число,2
noval миксолог,2
гребешок краб,2
ростбиф салат,2
вина устрица,2
пирог утка,2
паэлье пирог,2
сопровождение стейка,2
кебаб сироп,2
итальянский кухня паста,2
морепродукт приправа,2
изделие температура,2
аккомпанемент соус,2
аперитив море,2
салат чеснок,2
аперитив выпечка,2
гриб оленина,2
молодая пирожное,2
грудка скат,2
сорт сочетание,2
китайский кухня плесень,2
качество тест,2
баранина овощ,2
блюдо итальянский кухня,2
курочка скат,2
голубой кухня,2
стейками твёрдый сыр,2
азиатский кухня креветка,2
миксолог шоколад,2
медитация рислинг,2
ризотто треск,2
выдержка горячее,2
салями томат,2
аперитив черта,2
курица помидор,2
егерьск перец,2
выдержка суп,2
восточный кухня лосось,2
грудка тунец,2
васаби гриб,2
риккот фрукт,2
ароматный сыр бри,2
мясо тапенад,2
выдержка сочетание,2
птица тунец,2
горшочек мясо,2
карп качество,2
джим состав,2
кухня шейк,2
дар мясо,2
вино лобстер,2
белые цыплёнок,2
вино паста,2
аперитив щука,2
кислотность эльзас,2
разнообразный сыр сыр,2
курица мидия,2
сорт тунец,2
спаржа шницель,2
белые рис,2
паста пиццой,2
мясо сёмга,2
сорт томат,2
пара сорт,2
noval сопровождение,2
бланманже качество,2
креветка кухня,2
индейка карпаччо,2
мясо шафран,2
сорт соус,2
бефстроганоф мясо,2
артишок блюдо,2
пресноводный рыба рыба,2
высокий кухня пара,2
лазанья равиоли,2
апельсин салат,2
пармезан паста,2
гриль фрая,2
блюдо терияк,2
rigotte рыба,2
местный кухня рулька,2
дичь мир,2
дополнение краб,2
спаржа улитка,2
лапка соус,2
бургундский сыр соус,2
бургиньон тунец,2
птица число,2
кефаль морепродукт,2
пирог суши,2
нежный рыба соус,2
высокий кислотность соус,2
трава хамон,2
дополнение кролик,2
колбаса сопровождение,2
ананас филе,2
гриль можжевельник,2
гусь утка,2
вид гриль,2
антрекот кролик,2
рыба шпинат,2
утка фрукт,2
качество стейка,2
сочетание стейкома,2
жаркое специя,2
кебаб кухня,2
апельсин сибас,2
великое грудинка,2
морской рыба пармезан,2
высокий кислотность тартар,2
креветка мороженое,2
рататуй сыр,2
рыба тапас,2
стружка филе,2
паппарделла цыплёнок,2
качество шафран,2
лобстер паста,2
сироп яблоко,2
лосось сибас,2
ананас стружка,2
карпаччо лосось,2
деликатесный сыр сыр,2
жирный рыба птица,2
дичь магра,2
конфи утка,2
егерьск свинина,2
колбаса число,2
прожарка холодное,2
тест фрукт,2
гриль компаньон,2
блюдо шейк,2
барабулька козий сыр,2
окончание сопровождение,2
вечер пирог,2
закуска тартар,2
конфи пирог,2
долька качество,2
вид сопровождение,2
дижестив фуа,2
сельдь телятина,2
бекон оленина,2
лёд температура,2
васаби утка,2
ананас шарик,2
компаньон морепродукт,2
вино сибас,2
закуска томат,2
бри козий сыр,2
дичь паштет,2
горячее ростбиф,2
мороженое шарик,2
десерт джем,2
лук лёгкое,2
condrieu овощ,2
основа фуа,2
вид моцарелла,2
аккомпанемент стир,2
нежный рыба рыба,2
морепродукт фрая,2
вырезка грудка,2
вино коктейль,2
лосось пряность,2
сицилийский кухня соус,2
колбаса ягнёнок,2
грудинка тунец,2
курица трюфель,2
молодая сочетание,2
козий сыр утка,2
паштет пресноводный рыба,2
блюдо фасоль,2
сопровождение холодное,2
black михан,2
black сопровождение,2
лобстер сыр,2
трава холодное,2
шейк эльзас,2
пирожное свинина,2
вина краб,2
великое сыр,2
сибас хороший рыба,2
высокий кухня курочка,2
аперитив трава,2
жюльеном рагу,2
брускетта ризотто,2
мясо овечий сыр,2
карри филе,2
мягкий сыр равиоли,2
джим шоколад,2
овощ филе,2
сочетание трава,2
кебаб мясо,2
птица трапеза,2
барабулька лосось,2
масло сочетание,2
кухня тунец,2
козий сыр холодное,2
блюдо вок,2
говядина кислотность,2
высокий кухня ризотто,2
блюдо шедевр,2
сироп филе,2
гра лобстер,2
гра паста,2
азиатский кухня свинин,2
бела качество,2
соус хамон,2
общение отдых,2
манго шарик,2
соус терияк,2
бекон соус,2
закуска оленина,2
восточный кухня карпаччо,2
бисквит клубника,2
маракуйя филе,2
скат соус,2
блюдо рулет,2
гриль курочка,2
дичь шедевр,2
бри пекорино,2
гриль шейк,2
васаби стейкома,2
грудинка ягнёнок,2
портвейн сикс,2
петух телятина,2
poulet мягкий сыр,2
лещ ризотто,2
хороший рыба цыплёнок,2
красный рыба рататуй,2
шпинат яблоко,2
вырезка тунец,2
лесной сопровождение,2
красный рыба сыр,2
большинство мясо,2
мясо шпинат,2
белых грибов,2
вок салат,2
овечий сыр сопровождение,2
mozzarella мясо,2
гра мочь,2
масло можжевельник,2
китайский кухня сопровождение,2
ананас карри,2
большинство птица,2
море рак,2
карпаччо паста,2
закуска спагетти,2
заяц оленина,2
кухня магра,2
качество плесень,2
гриб котлета,2
кислотность местный кухня,2
мороженое сироп,2
бри мясо,2
пряность ягнёнок,2
баклажан фасоль,2
колбаса рислинг,2
вид общение,2
дополнение кефаль,2
выдержка лёгкое,2
морепродукт нежирный рыба,2
курочка рататуй,2
зайчатина паппарделла,2
морепродукт рулька,2
риккот сладость,2
качество невыдержанный сыр,2
стир фрая,2
барашек перец,2
стейка ягнёнок,2
пикник салат,2
стейками сувлак,2
выдержка жаркое,2
красный рыба прованский кухня,2
грудка лосось,2
креветка свинина,2
выдержка розмарин,2
отдых сочетание,2
рыба спагетти,2
рататуй сельдь,2
голубой джем,2
паста сладкое,2
рыба шафран,2
лук птица,2
нарезка сыр,2
белые дар,2
рагу ростбиф,2
блюдо нарезка,2
аперитив цыплёнок,2
колбаса мягкий сыр,2
блюдо бри,2
гриль пекорино,2
морепродукт салями,2
десерт сикс,2
пикник ягнятина,2
кебаб сувлак,2
количество тартар,2
манго филе,2
бела гребешок,2
композиция сыр,2
икра лосось,2
гриль лобстер,2
белые кальмар,2
лесной стейка,2
икра суп,2
лобстер морепродукт,2
жюльеном мясо,2
гриб качество,2
суфле фуа,2
краб кухня,2
говядина фасоль,2
овечий сыр ростбиф,2
выпечка мясо,2
курочка мягкий сыр,2
стейкома терияк,2
лосось салями,2
дыня фуа,2
колбаска сочетание,2
курочка пара,2
сёмга щука,2
блюдо множество,2
баклажан говядина,2
молодой сорт,2
брускетта лосось,2
свинина суши,2
количество мясо,2
condrieu рыба,2
пекорино ягнёнок,2
свинина сопровождение,2
вечер фуа,2
альянико сорт,2
высокий кислотность количество,2
дыня китайский кухня,2
дыня свинина,2
дичь чоризо,2
ризотто суши,2
выдержка кухня,2
клубника фрукт,2
высокий кислотность паста,2
грейпс десерт,2
барабулька салат,2
болоньеза пицца,2
нарезка паста,2
дижестив трапеза,2
температура трава,2
аперитив сладость,2
барбекю китайский кухня,2
курочка яблоко,2
кебаб манго,2
специя хамон,2
гуляш курица,2
кухня сицилийский кухня,2
бургиньон соус,2
бланкетта рататуй,2
птица фрукт,2
высокий кухня стейк,2
оливка тапенад,2
китайский кухня салат,2
паста устрица,2
аперитив композиция,2
индейка свинин,2
гриль кебаб,2
аперитив улитка,2
вино лещ,2
ароматный сыр пармезан,2
артишок сибас,2
нежирный рыба рыба,2
блюдо кабанчик,2
жареный рыба начинка,2
белых дичь,2
орех печень,2
blanquette рыба,2
соус сёмга,2
котлета сыр,2
курочка телятина,2
вариант дичь,2
козий сыр трюфель,2
говядина копчёность,2
маракуйя стружка,2
масло треск,2
бланкетта средиземноморский кухня,2
сыр тартар,2
масло паста,2
тартар фрукт,2
риккот сочетание,2
вырезка прожарка,2
закуска трюфель,2
карри цезарь,2
мороженое филе,2
курица хамон,2
белые кляр,2
мороженое яблоко,2
вегетарианский кухня вино,2
паста цезарь,2
салат сибас,2
пара утка,2
белых оленина,2
баранина вид,2
карпаччо стейкома,2
гриб сорт,2
закуска свинин,2
баранина бефстроганов,2
антрекот голень,2
poulet рыба,2
восточный кухня тунец,2
блюдо котлета,2
большинство рыба,2
паштет тост,2
бекон заяц,2
кухня сувлак,2
местный кухня пирог,2
овощ рёбрышко,2
вегетарианский кухня морепродукт,2
джем сыр,2
аперитив плесень,2
груша мочь,2
мясо черта,2
аперитив сёмга,2
стейкома фазан,2
барабулька карпаччо,2
пирог улитка,2
black отдых,2
морепродукт шукрут,2
морепродукт трюфель,2
кухня пряность,2
соус томат,2
мидия рецепт,2
мягкий сыр хамон,2
рак рыба,2
карри кебаб,2
горшочек жюльеном,2
кухня рислинг,2
вино паштет,2
жареный рыба суп,2
нежирный рыба сочетание,2
кабан соус,2
сельдь японский кухня,2
пресноводный рыба устрица,2
итальянский кухня пицца,2
гриб стейкома,2
китайский кухня фрукт,2
азиатский кухня плесень,2
масло салями,2
соус яблоко,2
артишок соус,2
белые жаркое,2
сыр томат,2
дыня соус,2
blanquette телятина,2
бланманже вечер,2
томат чеснок,2
михан общение,2
карри сладкое,2
плесень сопровождение,2
аперитив бела,2
сочетание тест,2
лёгкое японский кухня,2
выждержка соус,2
каре свинина,2
вечер десерт,2
rigotte овощ,2
салями тунец,2
средиземноморский кухня утка,2
бел пармезан,2
ризотто сорт,2
вина пармезан,2
вина оленина,2
сёмга тартар,2
блюдо лагмана,2
плесень портвейн,2
креветка манго,2
карпаччо магра,2
закуска моллюск,2
колбаса эльзас,2
голубой температура,2
антрекот блюдо,2
вино полутвёрдый сыр,2
морепродукт пара,2
ананас индейка,2
восточный кухня выдержка,2
бела грудка,2
качество паэлье,2
блюдо гарнир,2
дижестив пикантный сыр,2
кухня рак,2
джим отдых,2
кляр салат,2
вид закуска,2
bufala моллюск,2
колбаса пирог,2
грудка прожарка,2
масло цыплёнок,2
презунто сыр,2
пирожное соус,2
poulet утка,2
изделие холодное,2
выдержка цыплёнок,2
блюдо тапас,2
аккомпанемент фрая,2
высокий кислотность закуска,2
свинина шейк,2
брускетта треск,2
дар рак,2
мороженое пирог,2
вегетарианский кухня сыр,2
анчоус аперитив,2
кебаб хвост,2
аккомпанемент морепродукт,2
мясо паппарделла,2
можжевельник морепродукт,2
бланкетта японский кухня,2
вино горький,2
коктейль отдых,2
оленина пряность,2
колбаса шейк,2
моллюск сопровождение,2
прованский кухня сельдь,2
бела пряность,2
морепродукт начинка,2
гриль рис,2
рислинг свинина,2
аперитив карпаччо,2
бланкетта рыба,2
портвейн сопровождение,2
джим сочетание,2
коктейль общение,2
аперитив ризотто,2
сопровождение фрукт,2
местный кухня улитка,2
соус шпинат,2
восточный кухня краб,2
каперс ризотто,2
итальянский кухня кухня,2
карпаччо козий сыр,2
десерт крем,2
джим михан,2
говядина тартар,2
аперитив карп,2
голубой дыня,2
артишок мясо,2
блюдо королевск,2
котлета соус,2
конфи курица,2
деликатный сыр мочь,2
котлета птица,2
егерьск чернослив,2
лещ мягкий сыр,2
сладкое твёрдый сыр,2
основа сочетание,2
сыр число,2
кухня нарезка,2
азиатский кухня компаньон,2
дичь лесной,2
говядина мягкий сыр,2
отдых состав,2
сочетание сухофрукты,2
кислотность свой кислотность,2
колбаска ягнёнок,2
брускетта сочетание,2
морепродукт паштет,2
сладость трава,2
блюдо изделие,2
апельсин холодное,2
рислинг шейк,2
бел мясо,2
голубой рыба,2
улитка эльзас,2
дичь перец,2
мясо хвост,2
рыба сельдь,2
жаркое хамон,2
оленина перец,2
средиземноморский кухня сувлак,2
рыба черта,2
аперитив вид,2
десерт закуска,2
петух трюфель,2
рулька шейк,2
poulet курочка,2
голубой пирожное,2
дичь каперс,2
аперитив сырой рыба,2
лазанья мягкий сыр,2
гриб шедевр,2
говядина розмарин,2
говядина лесной,2
специя хвост,2
заяц крыжовник,2
артишок спаржа,2
кухня специя,2
овечий сыр холодное,2
вкус жаркое,2
гуляш хамон,2
мясо паэлье,2
моллюск отварный рыба,2
вино красный рыба,2
пармезан рыба,2
паста тайский кухня,2
гра плесень,2
мягкий сыр сельдь,2
птица сладкое,2
закуска свинина,2
артишок холодное,2
poulet сельдь,2
выдержка фуа,2
зайчатина сыр,2
кухня скат,2
дополнение паста,2
магра трюфель,2
петух утка,2
кебаб яблоко,2
вечер голубой,2
большинство сопровождение,2
жареный рыба салат,2
пара телятина,2
жаркое компаньон,2
спаржа устрица,2
баранина рёбрышко,2
оливка свинин,2
гриль сельдь,2
паштет рагу,2
заяц пьемонтский кухня,2
коктейль лёгкое,2
кальмар пирог,2
сыр фазан,2
гриль хороший рыба,2
колбаса чоризо,2
вегетарианский кухня козий сыр,2
блюдо шпинат,2
плесень сикс,2
дополнение икра,2
вечер груша,2
пара шпинат,2
гриль местный кухня,2
большинство качество,2
козий сыр лапка,2
голубой черта,2
жаркое презунто,2
гриль хвост,2
почка соус,2
жареный рыба ризотто,2
гриль стинк,2
кебаб маракуйя,2
моллюск паста,2
рак утка,2
качество пряный кухня,2
дичь спаржа,2
магра пьемонтский кухня,2
заяц соус,2
паэлье фрая,2
манго яблоко,2
индейка сироп,2
пара тунец,2
котлета рыба,2
белые улитка,2
мороженое сочетание,2
кухня хвост,2
брюла суфле,2
козий сыр пара,2
свинина шницель,2
рыба чеддер,2
помидор салат,2
сорт треск,2
карп щука,2
бела молодая,2
невыдержанный сыр птица,2
овечий сыр сочетание,2
выпечка качество,2
фуа холодное,2
рыба яблоко,2
вино трапеза,2
морской рыба паста,2
кебаб специя,2
курочка мясо,2
рыба сливочный сыр,2
рыба сибас,2
десерт трава,2
овощ сливочный сыр,2
печень пирог,2
ананас блюдо,2
голубой суп,2
bourguignonne тунец,2
гриб фазан,2
кабанчик тосканский кухня,2
птица чеддер,2
рак сочетание,2
дичь овечий сыр,2
барабулька закуска,2
выдержка карбонар,2
колбаска мясо,2
black состав,2
ассорти пара,2
мир шоколад,2
основа цыплёнок,2
black сочетание,2
кухня улитка,2
сыр шафран,2
прожарка трюфель,2
мягкий сыр рататуй,2
креветка моллюск,2
местный кухня шейк,2
индейка яблоко,2
компаньон салат,2
карри качество,2
салат фрая,2
омар свинин,2
бефстроганоф выдержка,2
лук салат,2
блюдо треск,2
апельсин блюдо,2
суши шейк,2
превосходный рыба рыба,2
антрекот трюфель,2
блюдо грудка,2
борщ свинин,2
козий сыр нежный рыба,2
карпаччо можжевельник,2
тайский кухня утка,2
стейкома утка,2
гриб косточка,2
ассорти морепродукт,2
тартар холодное,2
артишок дичь,2
рагу твёрдый сыр,2
розмарин телятина,2
блюдо рак,2
дополнение устрица,2
колбаса шукрут,2
специя стейками,2
овощ стир,2
соус стейк,2
восточный кухня гриль,2
карпаччо цыплёнок,2
индейка спаржа,2
паэлье соус,2
средиземноморский кухня хвост,2
noval состав,2
ризотто тартар,2
закуска речной рыба,2
курочка японский кухня,2
дополнение косточка,2
свинин ягнёнок,2
салат цезарь,2
стейками телятина,2
паста улитка,2
кебаб стружка,2
черта шафран,2
азиатский кухня мидия,2
bourguignonne бургиньон,2
гриб дополнение,2
карри стружка,2
вегетарианский кухня кухня,2
рагу холодное,2
китайский кухня птица,2
выждержка закуска,2
краб свинин,2
зайчатина соус,2
десерт окончание,2
мясо оливка,2
невыдержанный сыр паштет,2
креветка филе,2
китайский кухня лосось,2
гриль основа,2
блюдо егерьск,2
баранина дополнение,2
десерт мягкий сыр,2
белые жареный рыба,2
гра тайский кухня,2
аперитив конт,2
дичь печень,2
фасоль ягнёнок,2
паста треск,2
десерт сладость,2
основа холодное,2
жаркое салями,2
барбекю пирожное,2
суши улитка,2
блюдо скат,2
грейпс портвейн,2
гра закуска,2
джим общение,2
сыр харчо,2
пирожное сладкое,2
лещ лосось,2
белые рагу,2
лёгкое томат,2
аперитив пряный кухня,2
аперитив лобстер,2
азиатский кухня птица,2
закуска суши,2
джем фрукт,2
black джим,2
птица шафран,2
вина утка,2
высокий кислотность холодное,2
блюдо сироп,2
начинка паста,2
компаньон салями,2
моцарелла рыба,2
михан сочетание,2
краб сопровождение,2
стружка яблоко,2
окончание трапеза,2
карпаччо ягнёнок,2
простой ризотто,2
специя сувлак,2
начинка ризотто,2
рыба хамон,2
баранина кухня,2
грейпс плесень,2
козий сыр креветка,2
антрекот пьемонтский кухня,2
барбекю гриль,2
индейка тунец,2
мягкий сыр свинина,2
барбекю карри,2
рагу специя,2
блюдо мидия,2
ароматный сыр соус,2
мясо разнообразный сыр,2
орех пирог,2
вырезка карпаччо,2
риккот холодное,2
печение сочетание,2
креветка яблоко,2
азиатский кухня овощ,2
вина молодой,2
вырезка закуска,2
тип хамон,2
мясо стейк,2
десерт трапеза,2
мясо невыдержанный сыр,2
изделие сочетание,2
состав сочетание,2
крыжовник утка,2
кислотность шейк,2
говядина паштет,2
множество суши,2
артишок закуска,2
михан состав,2
рис салат,2
рыба трапеза,2
кислотность суши,2
апельсин артишок,2
выдержка суши,2
выдержка нарезка,2
сироп стружка,2
морепродукт хороший рыба,2
лосось масло,2
изделие использование,2
антрекот магра,2
голень кролик,2
блюдо разнообразный сыр,2
курица улитка,2
масло основа,2
тунец холодное,2
паста простой,2
лазанья сыр,2
гриль лагмана,2
мягкий сыр фрукт,2
дыня сочетание,2
лобстер тайский кухня,2
горячее рагу,2
бланкетта прованский кухня,2
вид лёгкое,2
перепёлка рагу,2
лосось филе,2
паэлье салат,2
блюдо вариант,2
отварный рыба салат,2
гриль чоризо,2
noval коктейль,2
паста равиоли,2
треск тунец,2
плесень фрукт,2
bourguignonne козий сыр,2
рыба стир,2
качество море,2
моллюск рецепт,2
качество риккот,2
гарнир гриль,2
масло томат,2
гриль шедевр,2
бефстроганов твёрдый сыр,2
кислотность пирог,2
лёгкое спагетти,2
фрукт шоколад,2
рулька свой кислотность,2
выдержка ризотто,2
молоко овощ,2
гриб сопровождение,2
кабанчик мясо,2
горячее овечий сыр,2
голень магра,2
кляр пирог,2
деликатесный сыр холодное,2
карри сыр,2
салями треск,2
перец плесень,2
плесень утка,2
лук пара,2
десерт печень,2
тайский кухня фуа,2
михан сопровождение,2
салями сорт,2
курица пирог,2
прованский кухня утка,2
гриль почка,2
poulet бланкетта,2
бел вина,2
лук тунец,2
королевск утка,2
кальмар кляр,2
бела краб,2
грудка лёгкое,2
гра дижестив,2
мягкий сыр перец,2
карбонар паста,2
баранина хвост,2
азиатский кухня нарезка,2
голубой мочь,2
количество свинина,2
вид ростбиф,2
свинин тапенад,2
свой кислотность соус,2
карпаччо холодное,2
овощ полутвёрдый сыр,2
лосось паста,2
гриль пряность,2
барабулька грудка,2
рислинг рулька,2
курочка сельдь,2
козий сыр компаньон,2
горячее основа,2
десерт черта,2
егерьск оленина,2
poulet рататуй,2
ростбиф сочетание,2
омар сопровождение,2
салат сливочный сыр,2
долька лимон,2
красный рыба курочка,2
аперитив мягкий сыр,2
барашек сыр,2
рислинг свой кислотность,2
каперс мясо,2
курица чорисо,2
полутвёрдый сыр стейка,2
каперс морепродукт,2
мясо чоризо,2
гусь мясо,2
каперс рыба,2
суп телятина,2
котлета пара,2
моллюск холодное,2
белые сёмга,2
красный рыба мягкий сыр,2
выдержка паппарделла,2
суши эльзас,2
гриль тапас,2
индейка креветка,2
соус число,2
карри маракуйя,2
вино орех,2
альянико мясо,2
блюдо помидор,2
морепродукт филе,2
блюдо превосходный рыба,2
изюм телятина,2
полутвёрдый сыр салат,2
гриль сибас,2
брускетта тунец,2
кухня моллюск,2
баклажан ягнёнок,2
курочка утка,2
ананас маракуйя,2
скат яблоко,2
коктейль миксолог,2
дар лобстер,2
гриль стир,2
оленина чернослив,2
начинка рыба,2
альянико вина,2
икра лещ,2
паштет салат,2
bufala мясо,2
грудка пара,2
салями сочетание,2
колбаса кухня,2
закуска множество,2
качество композиция,2
сыр тип,2
кислотность мясо,2
condrieu rigotte,2
poulet прованский кухня,2
азиатский кухня козий сыр,2
blanquette японский кухня,2
жирный рыба сопровождение,2
бела сочетание,2
море мясо,2
сыр тарелка,2
жаркое кролик,2
местный кухня свинина,2
изделие кулинария,2
борщ закуска,2
салат фуа,2
лёгкое мидия,2
сельдь сыр,2
лангустин салат,2
барбекю любой,2
грибов соус,2
дополнение спаржа,2
качество краб,2
вариант специя,2
гра рак,2
овощ фрая,2
bourguignonne рыба,2
пряность трава,2
сливочный сыр телятина,2
жирный рыба свинин,2
оленина специя,2
рататуй утка,2
пара чеддер,2
лёгкое температура,2
кабан паппарделла,2
сопровождение шедевр,2
бри нежный рыба,2
сладость температура,2
гриб трюфель,2
блюдо местный кухня,2
печение плесень,2
груша пьемонтский кухня,2
изделие свинин,2
лук пирог,2
красный рыба креветка,2
полутвёрдый сыр цыплёнок,2
красный рыба телятина,2
ананас кебаб,2
груша дичь,2
красный рыба японский кухня,2
фрукт холодное,2
mozzarella моллюск,2
масло телятина,2
рецепт тартар,2
местный кухня соус,2
кляр мясо,2
горький сыр,2
карпаччо лёгкое,2
выдержка хамон,2
коктейль состав,2
курица речной рыба,2
гриль рислинг,2
гра салат,2
blanquette курочка,2
морепродукт улитка,2
кухня фрукт,2
шарик яблоко,2
колбаса морепродукт,2
блюдо бургундский сыр,2
апельсин вино,2
лобстер устрица,2
барабулька лёгкое,2
белые гриб,2
говядина лисичка,2
печень сухофрукты,2
овощ сельдь,2
гарнир дичь,2
паста фуа,2
кролик мягкий сыр,2
mozzarella вид,2
баранина стейк,2
десерт холодное,2
груша дижестив,2
белых блюдо,2
пикантный сыр тарелка,2
рыба трюфель,2
индейка свинина,2
азиатский кухня рецепт,2
закуска трапеза,2
карри спаржа,2
морепродукт рак,2
китайский кухня утка,2
сироп шарик,2
вина кабан,2
ризотто томат,2
начинка сыр,2
свой кислотность шукрут,2
вид качество,2
вино выдержка,2
жареный рыба компаньон,2
восточный кухня гра,2
ассорти тунец,2
состав шоколад,2
азиатский кухня моллюск,2
гриль грудка,2
колбаса салат,2
вариант жаркое,2
десерт мясо,2
плесень число,2
изделие пирог,2
горячее медитация,2
курочка шпинат,2
качество сырой рыба,2
общение сопровождение,2
лёгкое чеснок,2
рыба японский кухня,2
отдых шоколад,2
кролик лазанья,2
грудка холодное,2
гриб жаркое,2
большинство пара,2
сикс сочетание,2
курица нежный рыба,2
дар качество,2
мягкий сыр стейка,2
дополнение молодая,2
общение шоколад,2
лобстер овощ,2
количество пицца,2
качество цыплёнок,2
свинина свой кислотность,2
качество сладость,2
козий сыр тост,2
ассорти пирог,2
бри рыба,2
карпаччо хороший рыба,2
рулька улитка,2
кухня рецепт,2
деликатный сыр любой,2
джим миксолог,2
рислинг соус,2
качество ризотто,2
антрекот кухня,2
пирог фрукт,2
закуска фуа,2
кислотность холодное,2
вид джим,2
баранина холодное,2
blanquette средиземноморский кухня,2
аккомпанемент овощ,2
общение сочетание,2
гриль множество,2
манго сироп,2
колбаска птица,2
тунец хамон,2
вина стейками,2
дичь фрукт,2
салат штрудель,2
говядина число,2
rigotte сыр,2
бефсторган перепёлка,2
запечёный рыба паста,2
пара стейка,2
русский кухня сыр,2
улитка цезарь,2
овощ паэлье,2
паста цыплёнок,2
мочь пирог,2
испанский сыр сыр,2
ароматный сыр паппарделла,2
карпаччо качество,2
карпаччо масло,2
блюдо можжевельник,2
бефсторган кролик,2
блюдо пряный кухня,2
вид шоколад,2
condrieu сыр,2
мясо рулька,2
карбонар сыр,2
индейка шарик,2
овощ прованский кухня,2
нарезка овощ,2
кебаб креветка,2
голубой свинина,2
краб морской рыба,2
говядина пицца,2
мясо нежирный рыба,2
кролик рулет,2
закуска пьемонтский кухня,2
мир сыр,2
груша качество,2
гра пирожное,2
гриль мочь,2
ризотто сёмга,2
молодая холодное,2
блюдо сальсоя,2
блюдо деликатесный сыр,2
масло сорт,2
дополнение улитка,2
качество лимон,2
аккомпанемент гриль,2
перец чернослив,2
егерьск соус,2
васаби соус,2
речной рыба филе,2
лёгкое трапеза,2
гриб печень,2
вечер мочь,2
говядина шедевр,2
десерт шафран,2
сладость фрукт,2
bourguignonne соус,2
вариант хамон,2
террина фуа,2
лосось треск,2
мочь мясо,2
mozzarella сыр,2
горячее фуа,2
брускетта масло,2
качество творог,2
сочетание температура,2
рыба стейками,2
лещ сыр,2
пирог тест,2
баранина прожарка,2
грудка яблоко,2
гриб лосось,2
антрекот дичь,2
бекон крыжовник,2
голень закуска,2
сочетание стилтон,2
бел перец,2
джим коктейль,2
изюм ягнёнок,2
барбекю деликатный сыр,2
томат треск,2
телятина шашлык,2
барбекю свинина,2
гриль деликатный сыр,2
bourguignonne гриль,2
груша кухня,2
гриль тунец,2
суп цыплёнок,2
кролик сочетание,2
строгановск ягнёнок,2
овощ японский кухня,2
прованский кухня средиземноморский кухня,2
количество сыр,2
белые каперс,2
баранина кебаб,2
гриб морепродукт,2
высокий кислотность мясо,2
красный рыба овощ,2
каперс фрукт,2
мягкий сыр число,2
пикантный сыр ягнёнок,2
кебаб филе,2
баранина средиземноморский кухня,2
мидия моллюск,2
основа хороший рыба,2
королевск оленина,2
мягкий сыр плесень,2
риккот температура,2
качество улитка,2
выдержка любой,2
компаньон оленина,2
бекон королевск,2
кролик пьемонтский кухня,2
блюдо свой кислотность,2
ризотто фрукт,2
блюдо зайчатина,2
изделие творог,2
качество фрая,2
мидия тартар,2
качество щука,2
голубой дижестив,2
poulet японский кухня,2
миксолог общение,2
изделие риккот,2
заяц перец,2
кислотность кухня,2
гуляш чорисо,2
икра ризотто,2
речной рыба устрица,2
суши тунец,2
голубой китайский кухня,2
лещ суп,2
брускетта томат,2
местный кухня рислинг,2
лапка рыба,2
лосось терияк,2
blanquette гриль,2
салями соус,2
лосось фазан,2
морской рыба мягкий сыр,2
blanquette рататуй,2
закуска начинка,2
компаньон телятина,2
индейка мясо,2
вариант сыр,2
ростбиф сыр,2
блюдо крыжовник,2
кролик перепёлка,2
говядина грудка,2
грудка козий сыр,2
грудка курочка,2
егерьск крыжовник,2
закуска стинк,2
пьемонтский кухня сочетание,2
бел сладкое,2
основа сибас,2
качество рислинг,2
молодая сладкое,2
соус шашлык,2
овощ сопровождение,2
филе яблоко,2
пирог суп,2
молоко рыба,2
закуска чеснок,2
noval шоколад,2
стейка число,2
кислотность сыр,2
бефстроганов соус,2
баранина число,2
жаркое рулет,2
пара салат,2
вина трюфель,2
деликатный сыр сыр,2
сладость сочетание,2
белые фрукт,2
морской рыба полутвёрдый сыр,2
морепродукт тост,2
дар сочетание,2
выдержка гра,2
крыжовник перец,2
вина свинина,2
моллюск моцарелла,2
ризотто тунец,2
горячее индейка,2
колбаса плесень,2
poulet гриль,2
ассорти салат,2
дичь рис,2
козий сыр спаржа,2
пара шедевр,2
графенберг качество,2
ассорти паста,2
рулька свинина,2
соус эльзас,2
мороженое печение,2
кролик равиоли,2
poulet телятина,2
black общение,2
мясо рулет,2
молодая русский кухня,2
индейка карри,2
сладость творог,2
гра террина,2
большинство морепродукт,2
гусь пара,2
кислотность свинина,2
кухня пицца,2
гриль прованский кухня,2
соус шоколад,2
вина сладкое,2
креветка маракуйя,2
condrieu лобстер,2
свинин сладкое,2
горячее курица,2
овощ свинина,2
вид любой,2
голубой сопровождение,2
курочка прованский кухня,2
мясо простой,2
сыр японский кухня,2
деликатный сыр мясо,2
bufala сырой рыба,2
итальянский кухня ризотто,2
курочка овощ,2
море сочетание,2
condrieu краб,2
брускетта салями,2
мороженое стружка,2
black коктейль,2
птица хамон,2
вид говядина,2
гриб терияк,2
мясо сырой рыба,2
лимон тоник,2
индейка шницель,2
барбекю молодая,2
пара скат,2
красный рыба сельдь,2
ризотто стейк,2
дополнение лосось,2
высокий кислотность сыр,2
блюдо презунто,2
баранина стейка,2
десерт творог,2
крыжовник соус,2
блюдо ростбиф,2
вина телятина,2
компаньон мягкий сыр,2
бефстроганоф закуска,2
бургундский сыр цыплёнок,2
свинина фрукт,2
борщ выдержка,2
гуляш тунец,2
пара пирог,2
испанский сыр хамон,2
карри шарик,2
жареный рыба соус,2
масло морепродукт,2
выпечка клубника,2
колбаса хамон,2
black шоколад,2
блюдо прожарка,2
морепродукт тайский кухня,2
блюдо конфи,2
ананас сироп,2
презунто хамон,2
пирожное фуа,2
бекон блюдо,2
выждержка говядина,2
местный кухня шукрут,2
моцарелла сырой рыба,2
гриль любой,2
бекон чернослив,2
гриль паэлье,2
пирог эльзас,2
терияк фазан,2
масло сибас,2
птица свинин,2
рулька соус,2
бисквит фрукт,2
аперитив карри,2
заяц королевск,2
блюдо борщ,2
дичь разнообразный сыр,2
вид соус,2
печение пирог,2
бри соус,2
дижестив окончание,2
кухня свой кислотность,2
морепродукт рислинг,2
выдержка компаньон,2
овощ средиземноморский кухня,2
азиатский кухня тартар,2
соус чеснок,2
лёгкое начинка,2
лёгкое моллюск,2
рыба средиземноморский кухня,2
грудка пицца,2
бефсторган выдержка,2
колбаса паштет,2
апельсин креветка,2
блюдо лук,2
прожарка тунец,2
изюм филе,2
королевск перец,2
трапеза цыплёнок,2
карбонар мясо,2
баранина паштет,2
закуска тапас,2
пирог тунец,2
сибас холодное,2
аперитив тоник,2
общение состав,2
выпечка черта,2
жареный рыба птица,2
вечер гра,2
креветка шарик,2
десерт изделие,2
кальмар рулька,2
телятина японский кухня,2
котлета паста,2
гарнир мясо,2
дыня сопровождение,2
кролик хамон,2
креветка стружка,2
высокий кислотность говядина,2
качество черта,2
прожарка рёбрышко,2
морепродукт рис,2
пирог шейк,2
изделие качество,2
лагмана сыр,2
васаби терияк,2
специя средиземноморский кухня,2
блюдо шафран,2
сладкое сочетание,2
выпечка птица,2
вино печень,2
кролик трюфель,2
крыжовник оленина,2
грейпс сочетание,2
температура холодное,2
гриль карбонар,2
блюдо стружка,2
пряность фазан,2
молоко сыр,2
карри яблоко,2
лобстер фуа,2
вина сорт,2
аперитив гриб,2
паштет суши,2
краб овощ,2
грудинка сыр,2
кислотность морепродукт,2
морепродукт основа,2
перец телятина,2
мясо фрукт,2
клубника сыр,2
вино мир,2
вид коктейль,2
соус фрая,2
noval джим,2
гриль оливка,2
заяц чернослив,2
свой кислотность эльзас,2
бел устрица,2
морепродукт моцарелла,2
брускетта сорт,2
жирный рыба качество,2
использование кулинария,2
ароматный сыр пекорино,2
блюдо шарик,2
condrieu молоко,2
печень сопровождение,2
колбаса тип,2
высокий кухня грудка,2
грибов оленина,2
десерт кухня,2
множество рыба,2
колбаса суши,2
дичь презунто,2
каперс тартар,2
закуска морской рыба,2
рак тайский кухня,2
дополнение плесень,2
blanquette мягкий сыр,2
карпаччо стейками,2
сочетание фазан,2
гриль пикантный сыр,2
лесной пара,2
салат число,2
пряность сицилийский кухня,2
основа сыр,2
вина перец,2
вид паста,2
козий сыр пирог,2
спаржа цезарь,2
котлета чеддер,2
курица тунец,2
пиццой соус,2
вид рагу,2
утка фазан,2
лобстер утка,2
морепродукт превосходный рыба,2
выдержка основа,2
десерт креветка,2
блюдо композиция,2
вок морепродукт,2
китайский кухня соус,2
гра дыня,2
кухня лобстер,2
артишок вино,2
ростбиф соус,2
карри китайский кухня,2
анчоус сыр,2
косточка молодая,2
грейпс сикс,2
тип чоризо,2
перец число,2
сыр черта,2
полутвёрдый сыр сопровождение,2
сыр чоризо,2
гриль сальсоя,2
ананас креветка,2
bourguignonne сыр,2
графенберг медитация,2
кебаб шарик,2
высокий кухня шпинат,2
рёбрышко стейкома,2
королевск свинина,2
пряность стейкома,2
аперитив невыдержанный сыр,2
миксолог михан,2
салат стир,2
дижестив печень,2
множество паштет,2
бела пара,2
гриль свой кислотность,2
гриль шоколад,2
изделие сладость,2
горький гриль,2
бекон свинина,2
паста рецепт,2
кислотность улитка,2
морепродукт свой кислотность,2
груша мясо,2
изюм овощ,2
грудка кухня,2
бела выдержка,2
крыжовник чернослив,2
восточный кухня лангустин,2
мочь фуа,2
свинин шашлык,2
сыр тост,2
пирог свинина,2
риккот трава,2
пекорино птица,2
горький мир,2
закуска стейкома,2
mozzarella рыба,2
сочетание тунец,2
blanquette сыр,2
ароматный сыр зайчатина,2
аперитив коктейль,2
индейка кебаб,2
десерт дополнение,2
невыдержанный сыр салат,2
стейками хвост,2
плесень стилтон,2
пирог сухофрукты,2
нежный рыба сыр,2
карпаччо почка,2
аккомпанемент паэлье,2
паэлье стир,2
карпаччо суши,2
жирный рыба соус,2
салат томат,2
заяц кухня,2
морепродукт сёмга,2
барабулька сыр,2
mozzarella морепродукт,2
гриб рулет,2
бургундский сыр дичь,2
кислотность шукрут,2
сельдь средиземноморский кухня,2
вид овечий сыр,2
азиатский кухня жареный рыба,2
портвейн сочетание,2
паста томат,2
великое соус,2
бри пармезан,2
лосось томат,2
краб молоко,2
гриль рататуй,2
пряный кухня рыба,2
качество конт,2
выдержка печень,2
пара различный сыр,2
борщ выждержка,2
средиземноморский кухня стейками,2
блюдо нежирный рыба,2
дичь тип,2
баранина перец,2
кролик магра,2
гра основа,2
белые море,2
аккомпанемент рыба,2
сыр устрица,2
морепродукт фрукт,2
бланкетта овощ,2
моцарелла мясо,2
вино косточка,2
блюдо каперс,2
конфи паста,2
суши тапас,2
блюдо рислинг,2
овощ утка,2
морепродукт томат,2
нарезка соус,2
паста специя,2
аперитив суши,2
блюдо жирный рыба,2
пряность терияк,2
лёгкое сухофрукты,2
лосось холодное,2
вид горячее,2
мясо стир,2
рыба скат,2
мягкий сыр рагу,2
красный рыба средиземноморский кухня,2
строгановск фасоль,2
соус шукрут,2
сочетание терияк,2
рулька суши,2
петух ягнёнок,2
бефстроганоф гриль,2
апельсин соус,2
бефстроганоф сыр,2
лосось мягкий сыр,2
стейками тунец,2
средиземноморский кухня телятина,2
выпечка лёд,2
компаньон кухня,2
вырезка холодное,2
закуска невыдержанный сыр,2
лёгкое пряный кухня,2
блюдо рецепт,2
краб устрица,2
качество колбаса,2
кислотность пицца,2
бекон перец,2
бланманже дижестив,2
mozzarella сырой рыба,2
васаби фазан,2
блюдо хороший рыба,2
блюдо черта,2
белые суши,2
морепродукт хамон,2
блюдо магра,2
свинина стейкома,2
креветка холодное,2
мясо презунто,2
отварный рыба рыба,2
местный кухня свой кислотность,2
карпаччо кролик,2
деликатесный сыр рыба,2
рагу тунец,2
гриль улитка,2
вок курица,2
овощ стейками,2
выдержка рёбрышко,2
блюдо мороженое,2
сладкое ягнёнок,2
егерьск утка,2
креветка курица,2
дыня сыр,2
курочка средиземноморский кухня,2
blanquette овощ,2
кислотность рулька,2
дар соус,2
дополнение лангустин,2
артишок рыба,2
сорт чеддер,2
апельсин закуска,2
мясо фасоль,2
дичь лосось,2
гриль пармезан,2
печень ягнёнок,2
сопровождение состав,2
высокий кухня скат,2
вид отдых,2
аперитив морской рыба,2
количество соус,2
рыба хороший рыба,2
noval общение,2
паста спаржа,2
мягкий сыр японский кухня,2
морепродукт шейк,2
апельсин лосось,2
лёгкое пиццой,2
приправа сочетание,2
мороженое сопровождение,2
егерьск заяц,2
козий сыр паштет,2
спагетти суп,2
жареный рыба козий сыр,2
творог трава,2
bufala морепродукт,2
закуска полутвёрдый сыр,2
деликатесный сыр мясо,2
гриб лесной,2
кабанчик кухня,2
карпаччо основа,2
кислотность тартар,2
местный кухня суши,2
пицца суп,2
вид миксолог,2
ростбиф холодное,2
вариант мясо,2
козий сыр сопровождение,2
долька тоник,2
свой кислотность суши,2
прованский кухня рататуй,2
сыр тест,2
бланманже мочь,2
паста чеддер,2
качество свинина,2
соус фрукт,2
гриль долме,2
рулет сочетание,2
вырезка гриль,2
творог холодное,2
трава фрукт,2
прованский кухня телятина,2
bufala вид,2
выждержка сыр,2
гра суфле,2
дыня сладкое,2
паста ягнятина,2
сыр чеснок,2
гусь ягнёнок,2
соус черта,2
жирный рыба морепродукт,2
баранина копчёность,2
творог температура,2
пицца свинин,2
блюдо васаби,2
лапка сыр,2
молодой мясо,2
овощ перец,2
борщ соус,2
клубника шоколад,2
творог фрукт,2
вариант презунто,2
утка чернослив,2
мягкий сыр прованский кухня,2
десерт пирожное,2
колбаса улитка,2
гриль рулет,2
блюдо брускетта,2
гриль масло,2
моцарелла сыр,2
гриль сливочный сыр,2
дополнение лещ,2
белые гарнир,2
выпечка температура,2
морепродукт невыдержанный сыр,2
кухня мидия,2
перец утка,2
окончание портвейн,2
манго стружка,2
бела овечий сыр,2
аперитив свинина,2
рыба стейкома,2
голубой шафран,2
бекон егерьск,2
кальмар мясо,2
карп сёмга,2
качество сёмга,2
великое овечий сыр,2
сибас соус,2
аперитив стейка,2
выдержка молодая,2
молодой птица,2
сельдь утка,2
бефстроганов выдержка,2
кухня местный кухня,2
рак фуа,2
блюдо строгановск,2
rigotte молоко,2
бланкетта утка,2
горький дичь,2
гриб ягнёнок,2
сливочный сыр сочетание,2
прованский кухня сыр,2
лисичка пара,2
выпечка шафран,2
дичь тартар,2
бланкетта красный рыба,2
гриль различный сыр,2
кролик сопровождение,2
отдых сопровождение,2
закуска количество,2
антрекот карпаччо,2
изделие суп,2
голубой сочетание,2
блюдо вид,2
мидия суп,2
noval сочетание,2
болоньеза суп,2
масло ризотто,2
аперитив изделие,2
морепродукт плесень,2
кухня рулька,2
брускетта паста,2
гриль мир,2
кухня лангустин,2
температура фрукт,2
гриль шукрут,2
нежный рыба трюфель,2
мясо улитка,2
пирог ризотто,2
закуска пиццой,2
дичь зайчатина,2
вечер дижестив,2
миксолог состав,2
десерт японский кухня,2
бургиньон вино,2
креветка плесень,2
мягкий сыр утка,2
дыня кухня,2
баклажан строгановск,2
джим сопровождение,2
горячее гра,2
карри кухня,2
барашек соус,2
poulet красный рыба,2
бургиньон рыба,2
пряный кухня салат,2
брюла десерт,2
дичь компаньон,2
закуска мидия,2
дичь пирог,2
мясо пикник,2
качество лобстер,2
аперитив шоколад,2
множество тапас,2
блюдо чеддер,2
стейкома трюфель,2
белые пирог,2
выдержка филе,2
стейка шедевр,2
стейками ягнёнок,2
морской рыба свинин,2
масло тунец,2
моллюск пирог,2
креветка сибас,2
кухня пряный кухня,2
тунец чорисо,2
рататуй японский кухня,2
вина зайчатина,2
кухня пара,2
телятина хороший рыба,2
жаркое сочетание,2
местный кухня эльзас,2
сочетание треск,2
белые свинина,2
ананас манго,2
карпаччо сибас,2
белые число,2
рататуй рыба,2
вид морепродукт,2
бланкетта курочка,2
пицца свинина,2
аперитив ассорти,2
аперитив дар,2
мягкий сыр рис,2
количество холодное,2
аперитив кролик,2
noval михан,2
гриль рулька,2
каперс соус,2
noval вид,2
лобстер море,2
икра мягкий сыр,2
рислинг эльзас,2
местный кухня морепродукт,2
вырезка говядина,2
пармезан пекорино,2
сувлак хвост,2
мясо фрая,2
кефаль устрица,2
коктейль сыр,2
rigotte лобстер,2
сыр чеддер,2
карри фрукт,2
плесень фуа,2
ассорти закуска,2
карри мороженое,2
портвейн трапеза,2
гриль трюфель,2
сальсоя утка,2
королевск соус,2
можжевельник рыба,2
карпаччо салат,2
blanquette красный рыба,2
прованский кухня японский кухня,2
восточный кухня птица,2
козий сыр курица,2
закуска изделие,2
аперитив долька,2
козий сыр молодая,2
бефсторган рагу,2
пирог свинин,2
кухня молодая,2
закуска основа,2
закуска сливочный сыр,2
моллюск тартар,2
композиция морепродукт,2
долме лагмана,2
артишок белые,2
лосось плесень,2
улитка шейк,2
качество кролик,2
дополнение карри,2
манго мороженое,2
blanquette poulet,2
вителло гриль,2
качество трава,2
сочетание творог,2
ананас яблоко,2
мидия спагетти,2
рислинг шукрут,2
бри гриль,2
сёмга фрукт,2
чоризо ягнёнок,2
паштет террина,2
дичь сёмга,2
маракуйя яблоко,2
бургиньон козий сыр,2
вино устрица,2
дополнение суп,2
изделие трава,2
гриль жареный рыба,2
бела вино,2
ароматный сыр гриль,2
салат тост,2
перец твёрдый сыр,2
качество стир,2
михан отдых,2
специя ягнёнок,2
гриль трапеза,2
гра джем,2
бекон утка,2
индейка манго,2
лобстер молоко,2
индейка стейками,2
белые тартар,2
блюдо харчо,2
дичь шоколад,2
конт сочетание,2
грудинка сопровождение,2
пара яблоко,2
королевск крыжовник,2
кислотность паста,2
bufala рыба,2
соус стир,2
артишок лосось,2
белые пицца,2
бланкетта сыр,2
кухня яблоко,2
гриль рак,2
горячее свинин,2
коктейль сочетание,2
лосось фрукт,2
дополнение розмарин,2
выдержка твёрдый сыр,2
блюдо сицилийский кухня,2
выпечка мороженое,2
моллюск сырой рыба,2
кебаб средиземноморский кухня,2
кухня тартар,2
дополнение пикник,2
rigotte краб,2
аперитив творог,2
жареный рыба кухня,2
лосось суп,2
аперитив лимон,2
poulet средиземноморский кухня,2
мясо скат,2
море соус,2
основа телятина,2
закуска сибас,2
манго маракуйя,2
анчоус козий сыр,2
свинин стейками,2
долме сыр,2
миксолог сопровождение,2
миксолог отдых,2
простой стейк,2
морепродукт чеснок,2
мясо строгановск,2
креветка пирог,2
дижестив портвейн,2
пирог рислинг,2
колбаса свинина,2
коктейль шоколад,2
соус шафран,2
терияк утка,2
грудка шпинат,2
закуска паэлье,2
аперитив тест,2
дополнение стейка,2
свинина улитка,2
кефаль рыба,2
паштет сочетание,2
грудинка рагу,2
перец трава,2
крыжовник свинина,2
бри курица,2
рыба сырой рыба,2
паштет устрица,2
вид михан,2
зайчатина оленина,2
бланкетта мягкий сыр,2
гриль сувлак,2
устрица филе,2
кабанчик сыр,2
стружка шарик,2
голубой клубника,2
деликатесный сыр морепродукт,2
компаньон птица,2
пирог свой кислотность,2
блюдо любой,2
рыба треск,2
конфи соус,2
вителло закуска,2
заяц утка,2
котлета сорт,2
закуска коктейль,2
помидор свинин,2
морепродукт стир,2
рислинг суши,2
карри сироп,2
белые щука,2
сливочный сыр соус,2
рулет сыр,2
можжевельник основа,2
качество телятина,2
соус суп,2
говядина количество,2
скат шпинат,2
оленина прожарка,2
вино лангустин,2
качество пикантный сыр,2
барбекю мочь,2
стейкома филе,2
гриль лапка,2
графенберг рислинг,2
блюдо чорисо,2
изделие фрукт,2
презунто специя,2
мясо яблоко,2
блюдо долме,2
карбонар колбаса,2
альянико птица,2
poulet сыр,2
голень гриль,2
сибас телятина,2
пицца тартар,2
оленина пара,2
гра холодное,2
лосось тост,2
десерт суфле,2
соус шейк,2
кухня шпинат,2
выдержка карпаччо,2
основа рыба,2
пирог шукрут,2
качество цезарь,2
кислотность колбаса,2
закуска креветка,2
аперитив риккот,2
пирог плесень,2
лёгкое отварный рыба,2
рислинг улитка,2
блюдо шницель,2
гриль лесной,2
ананас мороженое,2
дичь цыплёнок,2
голубой лёд,2
blanquette сельдь,2
ассорти лук,2
закуска филе,2
перец свинина,2
бел соус,2
кухня шукрут,2
кислотность рислинг,2
вырезка соус,2
заяц свинина,2
высокий кислотность пицца,2
лангустин морепродукт,2
азиатский кухня свинина,2
птица суши,2
креветка паста,2
закуска прожарка,2
красный рыба цыплёнок,2
тип ягнёнок,2
восточный кухня фуа,2
лесной шедевр,2
индейка стружка,2
рыба стейка,2
кухня простой,2
говядина нарезка,2
морепродукт рецепт,2
почка ягнятина,2
компаньон свинин,2
выдержка колбаска,2
маракуйя шарик,2
моллюск салат,2
бланкетта сельдь,2
рататуй телятина,2
гриб чеддер,2
начинка салат,2
печень утка,2
вид рыба,2
артишок креветка,2
колбаса местный кухня,2
десерт штрудель,2
бефстроганов говядина,2
паста почка,2
бланкетта гриль,2
голубой карри,2
соус чеддер,2
косточка печень,2
мясо сувлак,2
кебаб мороженое,2
вид состав,2
аперитив цезарь,2
можжевельник телятина,2
баранина белые,2
блюдо кефаль,2
морепродукт эльзас,2
азиатский кухня стейками,2
кляр рулька,2
маракуйя сироп,2
выдержка изюм,2
говядина строгановск,2
колбаса утка,2
свой кислотность шейк,2
крем суфле,2
креветка лосось,2
перец устрица,2
риккот творог,2
индейка филе,2
аперитив лук,2
любой мочь,2
выдержка пикантный сыр,2
рыба фрая,2
высокий кухня простой,2
блюдо выпечка,2
сибас цыплёнок,2
средиземноморский кухня японский кухня,2
гриб свинин,2
дыня птица,2
высокий кухня паста,2
грудинка овечий сыр,2
коктейль михан,2
blanquette бланкетта,2
шейк шукрут,2
морепродукт спагетти,2
анчоус качество,2
бургундский сыр сыр,2
васаби сочетание,2
маракуйя мороженое,2
краб лобстер,2
михан шоколад,2
морепродукт сибас,2
бургиньон гриль,2
вино кролик,2
качество мягкий сыр,2
кебаб стейками,2
десерт риккот,2
овощ рататуй,2
начинка пирог,2
пицца ризотто,2
блюдо почка,2
орех сопровождение,2
сливочный сыр цыплёнок,2
овечий сыр трава,2
кухня стейк,2
noval отдых,2
горшочек рагу,2
оленина рёбрышко,2
изделие ягнёнок,2
poulet овощ,2
креветка сироп,2
аккомпанемент салат,2
баранина сувлак,2
качество морской рыба,2
егерьск королевск,2
black миксолог,2
можжевельник цыплёнок,2
бела спаржа,2
дичь щука,2
blanquette прованский кухня,2
коктейль рыба,2
миксолог сочетание,2
паштет тапас,2
белых соус,2
колбаса свой кислотность,2
восточный кухня свинин,2
птица черта,2
томат тунец,2
бри трюфель,2
говядина хамон,2
качество суши,2
восточный кухня качество,2
blanquette утка,2
ризотто салями,2
ассорти молодая,2
свинина спаржа,2
вино сухофрукты,2
рататуй средиземноморский кухня,2
суши шукрут,2
аперитив голубой,2
салат улитка,2
bufala сыр,2
паста рёбрышко,2
восточный кухня суши,2
белые рулька,2
мидия паста,2
количество птица,2
можжевельник сибас,2
баранина пикантный сыр,2
брускетта рыба,2
вечер качество,2
можжевельник хороший рыба,2
жаркое число,2
блюдо лесной,2
мороженое плесень,2
масло хороший рыба,2
выдержка перепёлка,2
джем фуа,2
индейка маракуйя,2
суп хамон,2
black noval,2
филе шарик,2
курочка сыр,2
бланкетта телятина,2
гриль кислотность,2
десерт лёд,2
гриль японский кухня,2
карпаччо овощ,2
карри креветка,2
лосось паштет,2
сливочный сыр суп,2
дичь харчо,2
вид холодное,2
свой кислотность улитка,2
высокий кислотность кислотность,2
боб говядина,4
мёд сэн,4
белые мюнстер,4
горячее копчёность,4
копчёный рыба эльзас,4
дополнение трава,4
мягкий сыр речной рыба,4
телятина торт,4
время говядина,4
карри курица,4
козий сыр лосось,4
имбирь индейка,4
птица трава,4
карпаччо утка,4
озёрный рыба рыба,4
гуляш специя,4
выпечка цедра,4
коктейль сопровождение,4
различный сыр сыр,4
кислотность соус,4
лосось морепродукт,4
вишня телятина,4
большинство соус,4
оленина утка,4
выпечка салат,4
мясо озёрный рыба,4
блюдо яблоко,4
телятина форель,4
гуляш трава,4
орешек сыр,4
мочь сигара,4
пармезан тунец,4
вино твёрдый сыр,4
майоран рыба,4
любой мясо,4
дичь торт,4
вырезка лангуст,4
кухня лангуст,4
блюдо мёд,4
дыня закуска,4
кухня холодное,4
выдержка холодное,4
тара тунец,4
мясо сардина,4
морепродукт тунец,4
выпечка копчёный рыба,4
брюла торт,4
caberlo тосканск,4
барбекю салат,4
курица лёгкое,4
плесень свинина,4
рикотт трубочка,4
дар море,4
трава цыплёнок,4
блюдо основа,4
дичь фуа,4
гуляш соус,4
розмарин соус,4
молодая ризотто,4
гра трубочка,4
качество свинин,4
перец салат,4
лосось овощ,4
аперитив креветка,4
аккомпанемент копчёность,4
карпаччо пряность,4
рыба сэн,4
вино карпаччо,4
блюдо солянка,4
выпечка пикантный сыр,4
боб пряность,4
гра торт,4
ветчина гриль,4
копчёный рыба цедра,4
лёгкое оленина,4
закуска тара,4
седло ягнёнок,4
сочетание цыплёнок,4
вино цыплёнок,4
вино пикантный сыр,4
зайчатина кабан,4
гра дичь,4
лангуст майоран,4
птица твёрдый сыр,4
баранина птица,4
бофора конт,4
курица ягнятина,4
восточный кухня спаржа,4
mozzarella блюдо,4
колбаска пирог,4
мягкий сыр сладкое,4
блюдо различный сыр,4
бланкетта соус,4
баранина горячее,4
вино цедра,4
аперитив устрица,4
гриль запечёный рыба,4
количество паста,4
сопровождение шоколад,4
козий сыр пицца,4
жюльеном сыр,4
большинство колбаска,4
речной рыба сочетание,4
жульен стейк,4
козий сыр телятина,4
косточка свинина,4
рыба сладкое,4
карпаччо рагу,4
медитация речной рыба,4
прожарка ягнёнок,4
выдержка свинина,4
горький мясо,4
гриль седло,4
печень телятина,4
барбекю выдержка,4
гриль средиземноморский кухня,4
белые конт,4
салат утка,4
салями стракотто,4
десерт птица,4
аперитив барбекю,4
овечий сыр рыба,4
бисквит сыр,4
хамон ягнятина,4
морепродукт суши,4
баранина хамон,4
закуска фрукт,4
рыба трава,4
овечий сыр пряность,4
икра цедра,4
говядина кровь,4
говядина суп,4
кухня осетрина,4
гуляш мясо,4
время овощ,4
лёгкое сливочный сыр,4
аперитив фуа,4
рыба щука,4
вино вкус,4
овечий сыр чорисо,4
лангуст мясо,4
гребешок мягкий сыр,4
копчёный рыба салат,4
чернослив ягенкома,4
боб карпаччо,4
паста телятина,4
качество креветка,4
салат сибасс,4
соус японский кухня,4
прожарка сочетание,4
морепродукт тартар,4
гребешок карпаччо,4
кулебяка осетрина,4
тара холодное,4
молодая суп,4
жульен телятина,4
имбирь трава,4
закуска компаньон,4
молодая рагу,4
мюнстер сыр,4
блюдо сорт,4
морской рыба осьминог,4
мягкий сыр печень,4
конт стейка,4
блюдо сувлак,4
говядина колбаса,4
лапка тунец,4
вырезка майоран,4
качество моцарелла,4
пармезан устрица,4
горячее качество,4
белые суп,4
лосось угорь,4
птица стейкома,4
икра пикантный сыр,4
оленина стейками,4
мягкий сыр ягнёнок,4
прожарка утка,4
розмарин рыба,4
мясо розмарин,4
белые трюфель,4
курица шейка,4
запечёный рыба мясо,4
блюдо зрелый сыр,4
жареный рыба лёгкое,4
гребешок рагу,4
грудинка соус,4
гриль тара,4
бургиньон лапка,4
плесень сладкое,4
ветчина стейка,4
гриль зрелый сыр,4
имбирь специя,4
сыр творог,4
лосось сардина,4
мюнстер рыба,4
косточка чернослив,4
пара рагу,4
азиатский кухня лосось,4
ветчина запеканка,4
вино приправа,4
моллюск птица,4
вечеринка качество,4
тунец фрукт,4
закуска твёрдый сыр,4
мясо мёд,4
карпаччо птица,4
стинк ягнятина,4
вкус приправа,4
блюдо масло,4
паштет утка,4
капуста осетрина,4
дичь тунец,4
козий сыр лёгкое,4
козий сыр паста,4
mozzarella моцарелла,4
брюла соус,4
пирог рулька,4
гриб птица,4
лук тосканск,4
грудка овечий сыр,4
телятина ягнятина,4
мясо томат,4
икра фрукт,4
азиатский кухня белые,4
телятина угорь,4
бланкетта блюдо,4
говядина стинк,4
вино образец,4
колбаска холодное,4
гриль копчёный рыба,4
морепродукт твёрдый сыр,4
суп утка,4
плесень стейка,4
блюдо щука,4
вино трава,4
лёгкое ризотто,4
капуста кухня,4
лосось утка,4
мясо образец,4
сочетание средиземноморский кухня,4
жульен рагу,4
конт цыплёнок,4
лук рыба,4
блюдо вишня,4
свинин сопровождение,4
мидия мясо,4
говядина салями,4
утка фуа,4
пряность специя,4
курица сочетание,4
блюдо хвост,4
прожарка тара,4
блюдо сельдь,4
копчёный рыба пикантный сыр,4
caberlo ossibuchi,4
белые медитация,4
белые эльзас,4
вырезка эльзас,4
гребешок суп,4
десерт орешек,4
рикотт фуа,4
мясо различный сыр,4
розмарин сочетание,4
телятина холодное,4
caberlo toscana,4
аккомпанемент дичь,4
caberlo рулька,4
артишок салат,4
барашек дополнение,4
мягкий сыр сопровождение,4
крем соус,4
ризотто салат,4
медитация рыба,4
гра рикотт,4
говядина плесень,4
аперитив гра,4
мидия пармезан,4
жюльеном рыба,4
блюдо бургиньон,4
лазанья овощ,4
гриб паста,4
десерт рыба,4
говядина ягнятина,4
анчоус салат,4
мидия сладкое,4
голубой шоколад,4
карри свинина,4
лосось форель,4
индейка мягкий сыр,4
морепродукт полутвёрдый сыр,4
вишня оленина,4
рыба цедра,4
грибов дичь,4
морепродукт сливочный сыр,4
брюла сыр,4
десерт трубочка,4
петух соус,4
ризотто устрица,4
вырезка сыр,4
сладость сыр,4
poulet соус,4
закуска различный сыр,4
телятина тунец,4
крем тальятелла,4
горгонзола мясо,4
баранина свинина,4
сыр чорисо,4
птица сорт,4
карпаччо курица,4
кухня свинин,4
вина рагу,4
мюнстер сопровождение,4
курица рагу,4
бри сыр,4
гриль косточка,4
выпечка козий сыр,4
свежий сыр тунец,4
вино моллюск,4
лазанья мясо,4
лобстер сочетание,4
жареный рыба закуска,4
лазанья рыба,4
стружка фуа,4
овощ тосканск,4
колбаса стейка,4
карпаччо сопровождение,4
гриль пирог,4
дыня спаржа,4
мясо печень,4
сыр торт,4
дополнение мягкий сыр,4
мёд сочетание,4
лангуст сыр,4
молодая паста,4
бела печень,4
белые вырезка,4
китайский кухня сочетание,4
соус средиземноморский кухня,4
вино креветка,4
копчёный рыба телятина,4
закуска паштет,4
белые лангуст,4
белые майоран,4
капуста колбаска,4
паэлье рыба,4
вырезка высокий кухня,4
кальмар креветка,4
паппарделла соус,4
морепродукт сибасс,4
пирожное сыр,4
кулебяка пирог,4
сыр ягенкома,4
колбаса телятина,4
кальмар морской рыба,4
мюнстер мясо,4
кролик рыба,4
салерс стейка,4
жареный рыба паста,4
икра тунец,4
качество устрица,4
вкус птица,4
говядина кухня,4
бургундский кухня соус,4
сладкое торт,4
блюдо пекорино,4
горячее озёрный рыба,4
аперитив сладкое,4
голень ягнятина,4
caberlo сыр,4
майоран мюнстер,4
кровь овощ,4
бургундский кухня оленина,4
гриль угорь,4
бисквит голубой,4
пара паста,4
гриль запеканка,4
мидия перец,4
птица устрица,4
свинина форель,4
говядина перец,4
говядина пара,4
перец стейка,4
креветка морской рыба,4
рагу суп,4
курочка рыба,4
азиатский кухня печень,4
икра салат,4
цыплёнок эльзас,4
прожарка телятина,4
перец рёбрышко,4
кухня ягнятина,4
бургиньон морепродукт,4
горячее соус,4
вино спаржа,4
гриб овощ,4
креветка сладкое,4
bourguignonne морепродукт,4
гриль стракотто,4
паста приправа,4
quintarelli амарон,4
время тосканск,4
белые гребешок,4
брюла сопровождение,4
бургундский кухня сыр,4
лёгкое свежий сыр,4
гребешок утка,4
твёрдый сыр ягнятина,4
рак соус,4
блюдо груша,4
горячее паста,4
мюнстер эльзас,4
вино десерт,4
грудка закуска,4
соус торт,4
пикантный сыр фрукт,4
грудка тара,4
краб мидия,4
сыр температура,4
ароматный сыр рагу,4
гриль приправа,4
козий сыр сочетание,4
вишня ягнёнок,4
китайский кухня сыр,4
ветчина мясо,4
кухня оленина,4
карри мясо,4
майоран сопровождение,4
выдержка овощ,4
сигара сухофрукты,4
caberlo вино,4
лосось эльзас,4
ветчина сыр,4
осетрина русский кухня,4
качество коктейль,4
блюдо свежий сыр,4
ассорти гриль,4
вид сочетание,4
креветка осьминог,4
майоран эльзас,4
колбаса холодное,4
стружка сыр,4
оленина птица,4
морепродукт паэлье,4
колбаска соус,4
фрукт фуа,4
bourguignonne вино,4
образец сыр,4
гребешок пряность,4
высокий кухня мюнстер,4
вкус моллюск,4
блюдо прованский кухня,4
время стракотто,4
борщ говядина,4
blanquette соус,4
дичь образец,4
баранина пряность,4
баранина стейкома,4
колбаса колбаска,4
кролик морепродукт,4
салат форель,4
сыр эльзас,4
майоран мясо,4
голубой качество,4
закуска стейка,4
краб шейка,4
голень ризотто,4
дополнение специя,4
сыр трубочка,4
время приправа,4
гриль перец,4
блюдо рататуй,4
вино горячее,4
перец тунец,4
вино рагу,4
тальятелла шейка,4
икра рыба,4
индейка цыплёнок,4
хамон ягнёнок,4
вино утка,4
десерт портвейн,4
бела закуска,4
блюдо фрая,4
барбекю тунец,4
бела телятина,4
бефстроганов сыр,4
барашек вино,4
говядина стракотто,4
карри птица,4
петух рагу,4
приправа тосканск,4
гриль сардина,4
свинина цыплёнок,4
лангуст сопровождение,4
блюдо лазанья,4
барбекю вино,4
десерт стружка,4
лёгкое спаржа,4
барашек трава,4
моллюск приправа,4
лангуст эльзас,4
овощ томат,4
кулебяка солянка,4
выдержка стейка,4
качество сардина,4
пикантный сыр рыба,4
вина птица,4
боб рагу,4
мясо трапеза,4
паста свежий сыр,4
десерт пудинг,4
пикантный сыр салат,4
пара сопровождение,4
говядина лук,4
дополнение креветка,4
салерс сыр,4
кухня майоран,4
овощ различный сыр,4
паста тосканск,4
пряность рыба,4
лосось устрица,4
крем шейка,4
высокий кухня лангуст,4
красный рыба птица,4
дичь крем,4
лёгкое различный сыр,4
азиатский кухня холодное,4
блюдо вечеринка,4
десерт рикотт,4
сочетание устрица,4
блюдо простой,4
кухня плесень,4
bufala качество,4
барбекю соус,4
гриб стейка,4
прожарка салерс,4
карпаччо суп,4
лук овощ,4
каре седло,4
говядина приправа,4
колбаса перец,4
молодая ягнёнок,4
caberlo колбаса,4
caberlo бифштекс,4
свинин ягнятина,4
боб курица,4
блюдо майоран,4
крем салат,4
ароматный сыр блюдо,4
вино лапка,4
вырезка рыба,4
вишня косточка,4
кулебяка русский кухня,4
блюдо озёрный рыба,4
капуста кулебяка,4
бисквит выпечка,4
брюла сладкое,4
блюдо высокий кислотность,4
морепродукт форель,4
говядина горячее,4
курица сопровождение,4
угорь эльзас,4
рыба стракотто,4
жюльеном мягкий сыр,4
блюдо грибов,4
свежий сыр сыр,4
бофора сыр,4
трубочка фуа,4
вырезка сопровождение,4
азиатский кухня лёгкое,4
портвейн сыр,4
гриль кровь,4
восточный кухня закуска,4
сардина сочетание,4
осетрина солянка,4
гра китайский кухня,4
ароматный сыр заяц,4
горячее колбаса,4
гриль сладкое,4
мягкий сыр торт,4
лосось телятина,4
русский кухня солянка,4
caberlo fiorentina,4
ветчина выдержка,4
дижестив пирог,4
сыр чернослив,4
пряность рагу,4
птица рагу,4
говядина ростбиф,4
форель эльзас,4
китайский кухня свинина,4
гриль тосканск,4
азиатский кухня вино,4
аперитив пикник,4
говядина пьемонтский кухня,4
паппарделла сыр,4
креветка цыплёнок,4
полутвёрдый сыр сочетание,4
сыр часть,4
голубой сладкое,4
блюдо паэлье,4
рикотт стружка,4
икра козий сыр,4
белые полутвёрдый сыр,4
выдержка гриб,4
вид мясо,4
каперс сочетание,4
выпечка икра,4
большинство горячее,4
пикантный сыр тунец,4
грудка карпаччо,4
брюла дичь,4
гуляш индейка,4
лосось птица,4
большинство паста,4
закуска рёбрышко,4
вино шоколад,4
грудка салат,4
прованский кухня соус,4
выпечка соус,4
риккот сыр,4
овощ стейкома,4
крем мягкий сыр,4
аперитив тунец,4
сочетание сэн,4
говядина рыба,4
компаньон рыба,4
соус тартар,4
вишня соус,4
копчёный рыба форель,4
гриль паштет,4
индейка трава,4
бефстроганов телятина,4
кабан оленина,4
mozzarella аперитив,4
курица мягкий сыр,4
сливочный сыр сыр,4
конт морепродукт,4
белые высокий кухня,4
козий сыр цедра,4
крем телятина,4
сопровождение эльзас,4
козий сыр свинин,4
вино жареный рыба,4
речной рыба свинин,4
сочетание щука,4
медитация твёрдый сыр,4
кухня печень,4
орешек сухофрукты,4
китайский кухня сладкое,4
свинина угорь,4
китайский кухня фуа,4
bistecca caberlo,4
образец твёрдый сыр,4
болоньеза закуска,4
карпаччо тара,4
имбирь цыплёнок,4
карпаччо ризотто,4
вителло говядина,4
краб крем,4
аперитив пирог,4
блюдо кабан,4
барашек седло,4
карпаччо телятина,4
сочетание форель,4
выдержка прожарка,4
барашек каре,4
дичь козий сыр,4
бефстроганов ягнёнок,4
закуска ризотто,4
вино копчёный рыба,4
мягкий сыр шейка,4
гра свинина,4
рагу трава,4
выдержка косточка,4
мёд рыба,4
гриб ризотто,4
вино торт,4
говядина тосканск,4
горгонзола дичь,4
барбекю дополнение,4
вкус козий сыр,4
стейка утка,4
пикантный сыр цедра,4
высокий кухня эльзас,4
козий сыр цыплёнок,4
курица полутвёрдый сыр,4
приправа стракотто,4
соус фазан,4
курица телятина,4
лук стракотто,4
капуста солянка,4
закуска ягнёнок,4
гуляш имбирь,4
гриб утка,4
большинство колбаса,4
говядина имбирь,4
колбаса птица,4
болоньеза говядина,4
болоньеза изделие,4
качество пирог,4
козий сыр специя,4
блюдо крем,4
сладкое тунец,4
боб суп,4
дополнение ризотто,4
выпечка тунец,4
говядина гриб,4
овощ приправа,4
приправа соус,4
блюдо осетрина,4
стилтон сыр,4
сопровождение трапеза,4
bufala блюдо,4
хамон чорисо,4
кухня спаржа,4
паста стракотто,4
морской рыба сладкое,4
дополнение морской рыба,4
горячее рыба,4
салями тосканск,4
вителло ризотто,4
говядина цыплёнок,4
лобстер рак,4
сыр сэн,4
козий сыр копчёный рыба,4
гриль лук,4
курица розмарин,4
капуста пирог,4
паштет сорт,4
осьминог рыба,4
крем сыр,4
молодая телятина,4
имбирь сыр,4
мясо эльзас,4
рыба твёрдый сыр,4
блюдо перец,4
рыба сорт,4
дижестив лёгкое,4
грейпс сыр,4
блюдо вырезка,4
сикс сыр,4
пирог русский кухня,4
блюдо фазан,4
стракотто тосканск,4
стейк телятина,4
блюдо конт,4
время паста,4
молодая птица,4
лук паста,4
кухня стейками,4
козий сыр фрукт,4
пряность птица,4
колбаска осетрина,4
говядина гребешок,4
сочетание сёмга,4
гра птица,4
лёгкое пара,4
блюдо лангуст,4
ризотто стейкома,4
сладкое телятина,4
время салями,4
форель цыплёнок,4
вино оленина,4
копчёность холодное,4
пирог сопровождение,4
жюльеном сочетание,4
рецепт рыба,4
блюдо капуста,4
зрелый сыр оленина,4
конт соус,4
белые свинин,4
блюдо тальятелла,4
блюдо сибас,4
индейка рагу,4
пьемонтский кухня ягнятина,4
вечеринка соус,4
вырезка кухня,4
рататуй соус,4
аперитив пара,4
вино крем,4
мясо шоколад,4
имбирь соус,4
копчёный рыба угорь,4
хамон чоризо,4
вырезка тара,4
колбаска русский кухня,4
козий сыр пикантный сыр,4
закуска озёрный рыба,4
косточка телятина,4
пирог сочетание,4
bufala аперитив,4
блюдо сливочный сыр,4
крем сладкое,4
косточка часть,4
закуска стейками,4
розмарин сэн,4
курица пряность,4
зрелый сыр лёгкое,4
приправа салями,4
брюла мягкий сыр,4
говядина голень,4
закуска свежий сыр,4
мёд розмарин,4
боб гребешок,4
стружка трубочка,4
индейка специя,4
жареный рыба мягкий сыр,4
торт фуа,4
запеканка мясо,4
гриб кролик,4
белые курица,4
гриль образец,4
барбекю лёгкое,4
колбаска телятина,4
вечеринка птица,4
копчёный рыба свинина,4
блюдо сэн,4
боб вино,4
борщ сыр,4
bourguignonne лапка,4
салат цедра,4
соус тара,4
блюдо кулебяка,4
bufala моцарелла,4
белые молодая,4
мясо рис,4
сопровождение температура,4
плесень салат,4
десерт сигара,4
амарон сопровождение,4
копчёный рыба лосось,4
орех сигара,4
кухня мюнстер,4
паста утка,4
молодая свинина,4
блюдо моцарелла,4
вино специя,4
кухня солянка,4
приправа рыба,4
сибасс устрица,4
вырезка мюнстер,4
сочетание тартар,4
мясо поросёнок,4
компаньон мясо,4
аперитив моцарелла,4
время лук,4
специя цыплёнок,4
горгонзола сыр,4
мясо фазан,4
мёд соус,4
бофора прожарка,4
печень рыба,4
блюдо красный рыба,4
блюдо боб,4
зрелый сыр кухня,4
копчёный рыба фрукт,4
мягкий сыр пирог,4
изделие паста,4
поросёнок сыр,4
салат цыплёнок,4
мир мясо,4
гра утка,4
паштет фуа,4
гриль ростбиф,4
говядина ризотто,4
стейкома устрица,4
дичь молодая,4
сельдь соус,4
ризотто стинк,4
тунец цедра,4
овощ салями,4
сопровождение торт,4
икра копчёный рыба,4
вино жаркое,4
рыба филе,4
брюла вино,4
баранина косточка,4
горгонзола трюфель,4
горячее колбаска,4
блюдо стир,4
говядина каре,4
брюла телятина,4
птица ягнёнок,4
угорь цыплёнок,4
конт прожарка,4
голубой горгонзола,4
бургундский кухня зрелый сыр,4
кальмар красный рыба,4
мороженое сыр,4
аперитив холодное,4
прожарка стейкома,4
курица мёд,4
вино дыня,4
молодая пицца,4
выпечка лёгкое,4
высокий кухня майоран,4
болоньеза выдержка,4
рыба тосканск,4
конт мясо,4
косточка ягенкома,4
барашек ягнёнок,4
бофора салерс,4
дополнение образец,4
дичь индейка,4
пармезан салат,4
косточка утка,4
копчёный рыба цыплёнок,4
бела курица,4
сыр шейка,4
гребешок конт,4
голубой птица,4
аперитив вечеринка,4
бофора стейка,4
печение сыр,4
лазанья томат,4
молодая спаржа,4
козий сыр кухня,4
барбекю сладкое,4
часть ягнёнок,4
дичь часть,4
блюдо сибасс,4
гребешок курица,4
выдержка тунец,4
блюдо сырой рыба,4
кровь стейка,4
запечёный рыба рыба,4
блюдо овечий сыр,4
вырезка мясо,4
белые речной рыба,4
mozzarella качество,4
мясо тартар,4
голубой трюфель,4
птица фуа,4
медитация морепродукт,4
вино выпечка,4
говядина стейк,4
гриль гуляш,4
аперитив сардина,4
гра паштет,4
качество пара,4
вителло ягнятина,4
ассорти птица,4
говядина тара,4
карпаччо прожарка,4
овощ цыплёнок,4
сладкое устрица,4
крем сопровождение,4
пицца салями,4
горячее телятина,4
bufala mozzarella,4
лангуст мюнстер,4
морской рыба сочетание,4
caberlo дичь,4
пряность суп,4
poulet блюдо,4
большинство холодное,4
говядина жульен,4
капуста русский кухня,4
белые равиоли,4
барбекю восточный кухня,4
колбаска солянка,4
дополнение осьминог,4
паштет печень,4
лук приправа,4
козий сыр тунец,4
бисквит шоколад,4
лёгкое телятина,4
свинина утка,4
дичь копчёность,4
blanquette блюдо,4
рёбрышко стейками,4
угорь форель,4
масло рыба,4
блюдо цезарь,4
медитация равиоли,4
заяц кабан,4
овощ стракотто,4
аккомпанемент горячее,4
ассорти лёгкое,4
курица сэн,4
дополнение красный рыба,4
салат тальятелла,4
паста речной рыба,4
бургундский кухня лёгкое,4
свинина ягенкома,4
кальмар осьминог,4
сигара сопровождение,4
рагу стейк,4
приправа птица,4
майоран сыр,4
баранина ростбиф,4
зелень курица,4
гуляш сыр,4
барашек специя,4
копчёный рыба тунец,4
аккомпанемент холодное,4
аккомпанемент сыр,4
пирог солянка,4
гриль осьминог,4
гуляш цыплёнок,4
перец ягнёнок,4
краб тунец,4
лук салями,4
медитация образец,4
кролик рагу,4
качество орешек,4
блюдо образец,4
гра фрукт,4
осьминог соус,4
краб тальятелла,4
время рыба,4
дичь рёбрышко,4
пудинг сухофрукты,4
ароматный сыр пара,4
кулебяка кухня,4
соус сэн,4
боб птица,4
лосось щука,4
барбекю паста,4
гребешок сочетание,4
мидия тунец,4
вино ягнятина,4
качество копчёность,4
дижестив орешек,4
боб утка,4
амарон медитация,4
свинина фуа,4
гра стружка,4
bourguignonne блюдо,4
кролик телятина,4
вино молодая,4
качество сладкое,4
озёрный рыба холодное,4
мясо сэн,4
паста сорт,4
паста тартар,4
моллюск морепродукт,4
мёд сыр,4
конт салерс,4
фрукт цедра,4
осетрина пирог,4
говядина ягенкома,4
крем торт,4
лангуст рыба,4
время гриль,4
осьминог салат,4
колбаска кулебяка,4
дополнение медитация,4
вид салат,4
жюльеном речной рыба,4
грудка пряность,4
молодая салями,4
красный рыба трава,4
кровь свинин,4
дополнение твёрдый сыр,4
морской рыба устрица,4
блюдо мюнстер,4
рикотт сыр,4
птица суп,6
poulet кухня,6
овощ тунец,6
дичь стейками,6
блюдо томат,6
bistecca дичь,6
говядина индейка,6
вино морской рыба,6
свинина ягнёнок,6
блюдо форель,6
выдержка лангустин,6
бела кухня,6
закуска индейка,6
индейка рыба,6
карпаччо ягнятина,6
изыск трюфель,6
бефстроганов паста,6
овощ суп,6
пара птица,6
белые лосось,6
сочетание специя,6
кухня стинк,6
выдержка краб,6
восточный кухня лёгкое,6
суши тайский кухня,6
вино тосканск,6
кухня медитация,6
карпаччо морепродукт,6
карпаччо рыба,6
аросто кухня,6
качество пикник,6
вино местный кухня,6
valpolicella сопровождение,6
бела паштет,6
бразато мясо,6
ароматный сыр кабан,6
изыск ризотто,6
копчёность острый сыр,6
изыск пьемонтский кухня,6
лангустин сыр,6
сопровождение сочетание,6
качество медитация,6
овощ стейка,6
болоньеза сыр,6
bistecca бифштекс,6
рыба тунец,6
bistecca сыр,6
белые холодное,6
козий сыр овощ,6
брюла гра,6
toscana бифштекс,6
краб пармезан,6
бифштекс дичь,6
дичь изыск,6
кролик русский кухня,6
моллюск овощ,6
оленина трава,6
грудка сыр,6
русский кухня соус,6
fiorentina тосканск,6
козий сыр приправа,6
вино дижестив,6
fiorentina toscana,6
высокий кухня ягнёнок,6
краб перец,6
вино кислотность,6
зелень лёгкое,6
fiorentina колбаса,6
полутвёрдый сыр свинин,6
закуска козий сыр,6
блюдо лапка,6
мясо почка,6
вителло стинк,6
кухня событие,6
quintarelli valpolicella,6
ossibuchi колбаса,6
вид сыр,6
amarone classico,6
кухня паштет,6
bistecca колбаса,6
мягкий сыр суп,6
дичь тосканск,6
бразато ягнёнок,6
кухня эльзас,6
курица овощ,6
аперитив спаржа,6
блюдо кислотность,6
салат телятина,6
мидия морепродукт,6
classico quintarelli,6
гребешок рыба,6
toscana сыр,6
салями сыр,6
соус форель,6
закуска карпаччо,6
закуска рагу,6
дичь пара,6
блюдо заяц,6
пьемонтский кухня стинк,6
мидия салат,6
любой сыр,6
вителло пьемонтский кухня,6
спаржа сыр,6
дичь заяц,6
соус цезарь,6
выпечка рыба,6
бефстроганов стейк,6
выдержка дополнение,6
мидия соус,6
fiorentina ossibuchi,6
перец сладкое,6
выпечка фрукт,6
ossibuchi сыр,6
карри салат,6
toscana рулька,6
моллюск речной рыба,6
карри паста,6
гриль каре,6
овощ пара,6
гриб рыба,6
бифштекс вино,6
белые утка,6
аперитив фрукт,6
вино курица,6
колбаска пикник,6
закуска кролик,6
баранина твёрдый сыр,6
мягкий сыр паштет,6
classico valpolicella,6
лёгкое сопровождение,6
кухня сочетаня,6
сладкое сопровождение,6
белые креветка,6
мясо острый сыр,6
аросто ягнёнок,6
лосось фуа,6
медитация пьемонтский кухня,6
овощ речной рыба,6
ossibuchi бифштекс,6
блюдо курочка,6
ossibuchi вино,6
прекрасный сыр тайский кухня,6
ossibuchi тосканск,6
гриб закуска,6
белые сопровождение,6
аперитив пицца,6
пицца соус,6
приправа сыр,6
говядина гуляш,6
изыск кухня,6
барбекю кухня,6
бела мягкий сыр,6
пицца рыба,6
вино икра,6
бразато соус,6
бефстроганов блюдо,6
лёгкое пирог,6
аросто блюдо,6
колбаска паста,6
бифштекс сыр,6
выпечка шоколад,6
овощ устрица,6
amarone quintarelli,6
гребешок качество,6
ossibuchi дичь,6
bistecca toscana,6
дичь лёгкое,6
аперитив восточный кухня,6
вино суши,6
кролик курица,6
рагу салат,6
качество пицца,6
колбаса паста,6
выдержка оленина,6
морской рыба свинина,6
говядина чорисо,6
сорт сыр,6
карпаччо сыр,6
дичь событие,6
bistecca вино,6
аросто соус,6
кухня пирог,6
бразато дичь,6
белые краб,6
пикантный сыр сочетание,6
блюдо хамон,6
высокий кухня событие,6
жаркое птица,6
вителло голень,6
пьемонтский кухня ягнёнок,6
дичь пикантный сыр,6
гриль изделие,6
вино ягнёнок,6
вино суп,6
кухня прекрасный сыр,6
моллюск мясо,6
classico сопровождение,6
гриль пикник,6
рислинг рыба,6
выдержка индейка,6
креветка морепродукт,6
гриль суши,6
блюдо стейкома,6
дичь свинина,6
блюдо японский кухня,6
вино пряность,6
дичь пикник,6
голубой фрукт,6
аперитив утка,6
мягкий сыр ризотто,6
белые гра,6
белые восточный кухня,6
вино шейк,6
вино сладкое,6
зелень качество,6
белые овощ,6
вино рислинг,6
рулька сыр,6
индейка морепродукт,6
пара соус,6
овощ ягнятина,6
аккомпанемент мясо,6
бланкетта кухня,6
вкус мясо,6
блюдо гуляш,6
индейка красный рыба,6
blanquette кухня,6
блюдо кебаб,6
рыба шейк,6
холодное цыплёнок,6
classico медитация,6
гребешок цыплёнок,6
мягкий сыр фуа,6
пикантный сыр телятина,6
болоньеза стейк,6
вино изыск,6
китайский кухня кухня,6
аросто гриль,6
карпаччо тунец,6
заяц мясо,6
дичь стинк,6
овощ форель,6
говядина тунец,6
краб морепродукт,6
грудка рыба,6
вино восточный кухня,6
бразато сыр,6
fiorentina бифштекс,6
toscana колбаса,6
дичь суп,6
блюдо копчёность,6
закуска красный рыба,6
bistecca ossibuchi,6
дичь качество,6
bistecca fiorentina,6
дополнение закуска,6
жирный рыба свинина,6
краб сладкое,6
местный кухня рыба,6
прожарка стейками,6
бразато гриль,6
выдержка ягнятина,6
ossibuchi рулька,6
азиатский кухня сладкое,6
бела фуа,6
утка ягнёнок,6
дичь фазан,6
прекрасный сыр суши,6
пьемонтский кухня соус,6
лосось цыплёнок,6
вино фрукт,6
бразато пьемонтский кухня,6
кухня прованский кухня,6
сыр тайский кухня,6
сыр тосканск,6
аперитив курица,6
свинина эльзас,6
аперитив молодая,6
острый сыр сыр,6
перец сыр,6
гриль эльзас,6
закуска спаржа,6
качество спаржа,6
бела гра,6
гриль событие,6
гриль копчёность,6
блюдо изыск,6
дополнение телятина,6
голень стинк,6
прекрасный сыр соус,6
бифштекс тосканск,6
дополнение ягнёнок,6
гриль салями,6
ossibuchi toscana,6
плесень соус,6
гриль речной рыба,6
аросто ризотто,6
качество утка,6
fiorentina дичь,6
лапка морепродукт,6
ароматный сыр мясо,6
bistecca тосканск,6
грудка мясо,6
брюла фуа,6
аросто бразато,6
бифштекс колбаса,6
курица ризотто,6
качество курица,6
дополнение зелень,6
рулька тосканск,6
закуска утка,6
белые фуа,6
овощ пикантный сыр,6
аросто дичь,6
бразато ризотто,6
гриль медитация,6
красный рыба кухня,6
речной рыба форель,6
паштет птица,6
закуска устрица,6
мягкий сыр средиземноморский кухня,6
тунец ягнёнок,6
высокий кухня гриль,6
сигара сыр,6
колбаса рыба,6
полутвёрдый сыр свинина,6
вителло карпаччо,6
качество молодая,6
азиатский кухня мягкий сыр,6
вино улитка,6
amarone медитация,6
аперитив число,6
лёгкое тунец,6
аперитив гребешок,6
выдержка рагу,6
блюдо бразато,6
курочка соус,6
toscana дичь,6
пирог птица,6
гра мягкий сыр,6
оленина свинина,6
пряность утка,6
баранина чорисо,6
кальмар салат,6
мягкий сыр овощ,6
лёгкое устрица,6
блюдо креветка,6
кислотность рыба,6
amarone сопровождение,6
краб свинина,6
моллюск форель,6
омар свинина,6
блюдо косточка,6
говядина сопровождение,6
выдержка салат,6
бефстроганов болоньеза,6
вителло дичь,6
прекрасный сыр сыр,6
пицца птица,6
ризотто ягнёнок,6
дичь кабан,6
азиатский кухня паштет,6
твёрдый сыр телятина,6
крем фуа,6
аросто пьемонтский кухня,6
пара розмарин,6
вителло кухня,6
качество фуа,6
гра крем,6
заяц сыр,6
вино свой кислотность,6
кухня рататуй,6
брюла крем,6
закуска лосось,6
fiorentina рулька,6
высокий кухня сочетаня,6
мясо тайский кухня,6
индейка качество,6
гриль острый сыр,6
сочетаня сыр,6
аросто сыр,6
рыба свой кислотность,6
морепродукт число,6
гра качество,6
мясо стейка,6
зрелый сыр соус,6
колбаса тосканск,6
выдержка изделие,6
toscana тосканск,6
большинство телятина,6
гриль чорисо,6
гребешок гриль,6
дичь рулька,6
рыба томат,6
изыск медитация,6
гриль число,6
мясо событие,6
amarone valpolicella,6
каре оленина,6
курица суп,6
пицца холодное,6
красный рыба мясо,6
сыр форель,6
блюдо сочетаня,6
пицца речной рыба,6
азиатский кухня салат,6
лосось свинина,6
кухня сельдь,6
розмарин сыр,6
блюдо рёбрышко,6
печень сыр,6
сочетание трюфель,6
прекрасный сыр рыба,6
пармезан перец,6
рыба тартар,6
лёгкое пикник,6
аперитив зелень,6
паста пирог,6
мясо сорт,6
карри соус,6
мясо прекрасный сыр,6
fiorentina сыр,6
птица утка,6
козий сыр форель,6
пикантный сыр соус,6
бразато кухня,6
говядина курица,6
карпаччо стинк,6
качество фрукт,6
качество число,6
блюдо жареный рыба,6
аросто мясо,6
аккомпанемент качество,6
устрица холодное,6
сочетание стейками,6
азиатский кухня бела,6
аперитив индейка,6
пикник пицца,6
bistecca рулька,6
бифштекс рулька,6
дичь каре,6
блюдо плесень,6
гриль розмарин,6
гра сопровождение,6
птица русский кухня,6
fiorentina вино,6
toscana вино,6
восточный кухня сыр,6
гриб пара,6
блюдо невыдержанный сыр,6
паста русский кухня,6
лосось тунец,6
событие ягнёнок,6
компаньон лёгкое,6
valpolicella медитация,6
гра лосось,6
сопровождение фуа,6
гриль моллюск,6
гриль деликатес,8
телятина чернослив,8
жирный рыба омар,8
розмарин ягнёнок,8
жаркое ягнятина,8
голубой груша,8
мясо тальятелла,8
аккомпанемент блюдо,8
сыр шавиньоль,8
высокий кухня омар,8
козий сыр конт,8
птица шукрут,8
гастрономия шукрут,8
блюдо китайский кухня,8
высокий кухня равиоли,8
мясо пекорино,8
мясо сладкое,8
гриль кальмар,8
вино омар,8
блюдо количество,8
вино лосось,8
салат сладкое,8
телятина шукрут,8
манго соус,8
кролик паста,8
копчёный рыба сыр,8
козий сыр манго,8
бланманже пирог,8
азиатский кухня паста,8
блюдо деликатес,8
гриб соус,8
мясо тосканск,8
haute сочетание,8
овощ ризотто,8
качество лосось,8
кухня омар,8
соус тайский кухня,8
овощ птица,8
курица птица,8
птица эльзас,8
кабан мясо,8
колбаса рулька,8
кухня овощ,8
вино сёмга,8
баранина свинин,8
полутвёрдый сыр телятина,8
деликатес колбаска,8
деликатес тосканский кухня,8
косточка оленина,8
гусь рыба,8
изделие мясо,8
птица рулька,8
гребешок манго,8
манго шавиньоль,8
сопровождение телятина,8
курица холодное,8
гриль стейк,8
голень дичь,8
блюдо шавиньоль,8
chavignol манго,8
выдержка качество,8
рулька сёмга,8
рыба улитка,8
гра груша,8
морепродукт фуа,8
кальмар рыба,8
chavignol crottin,8
речной рыба соус,8
карпаччо пьемонтский кухня,8
мясо рёбрышко,8
аперитив выдержка,8
гастрономия эльзас,8
сыр цедра,8
кухня тайский кухня,8
высокий кухня речной рыба,8
медитация ризотто,8
crottin сыр,8
дижестив сигара,8
вино гастрономия,8
кухня японский кухня,8
блюдо сен,8
аперитив омар,8
chavignol сыр,8
кальмар соус,8
голубой рёбрышко,8
блюдо печень,8
паста салями,8
жирный рыба краб,8
crottin гребешок,8
гриб гриль,8
курочка кухня,8
пирог салат,8
гребешок лёгкое,8
закуска сопровождение,8
блюдо шейка,8
белые козий сыр,8
гра морепродукт,8
дичь зрелый сыр,8
пара ягнёнок,8
азиатский кухня аперитив,8
пьемонтский кухня сыр,8
салат шейка,8
азиатский кухня гриль,8
рыба салями,8
голень пьемонтский кухня,8
голубой пирог,8
кухня равиоли,8
голубой филе,8
говядина стейками,8
вино пирог,8
морепродукт спаржа,8
гастрономия рыба,8
гриль невыдержанный сыр,8
аперитив температура,8
пармезан соус,8
паста свинина,8
красный рыба утка,8
chavignol козий сыр,8
гусь телятина,8
голень карпаччо,8
блюдо голубой,8
оленина рагу,8
бланманже десерт,8
вино равиоли,8
качество сигара,8
десерт орех,8
птица чернослив,8
деликатес дичь,8
мясо пармезан,8
лосось сыр,8
гриль стейкома,8
блюдо компаньон,8
груша десерт,8
рулька телятина,8
вино трюфель,8
азиатский кухня качество,8
выдержка свинин,8
молодая салат,8
кухня лосось,8
crottin блюдо,8
вино гусь,8
омар речной рыба,8
говядина пряность,8
вечеринка паста,8
голень кухня,8
crottin соус,8
гра пирог,8
лёгкое невыдержанный сыр,8
баранина овечий сыр,8
десерт мочь,8
гребешок шавиньоль,8
crottin манго,8
chavignol гребешок,8
chavignol блюдо,8
бланманже сыр,8
бланманже гра,8
рыба угорь,8
курица свинина,8
большинство гриль,8
crottin шавиньоль,8
гриль омар,8
свинин специя,8
сёмга эльзас,8
деликатес кухня,8
вино мягкий сыр,8
мясо число,8
дичь морепродукт,8
баранина стейками,8
закуска мягкий сыр,8
птица сочетание,8
пицца сочетание,8
мясо шейка,8
пирог соус,8
белые кролик,8
качество моллюск,8
пармезан сладкое,8
птица сёмга,8
кухня свинина,8
медитация трюфель,8
азиатский кухня сочетание,8
свинина чернослив,8
гусь рулька,8
птица сопровождение,8
выдержка курица,8
груша фуа,8
гастрономия сёмга,8
свинин твёрдый сыр,8
говядина стейкома,8
боб мясо,8
горячее дичь,8
гребешок морепродукт,8
гастрономия птица,8
бланманже груша,8
лосось сен,8
груша пирог,8
овечий сыр соус,8
бланманже фуа,8
мясо перец,8
средиземноморский кухня сыр,8
блюдо салями,8
качество холодное,8
краб лангустин,8
белые сочетание,8
мясо свинин,8
восточный кухня рыба,8
белые спаржа,8
лосось ризотто,8
говядина утка,8
гусь шукрут,8
дичь сладкое,8
индейка курица,8
омар сыр,8
гусь сёмга,8
гриль курица,8
сёмга шукрут,8
жареный рыба молодая,8
восточный кухня салат,8
соус шавиньоль,8
мягкий сыр паста,8
chavignol шавиньоль,8
блюдо болоньеза,8
caberlo блюдо,8
индейка овощ,8
бела гриль,8
дополнение кухня,8
выпечка голубой,8
лёгкое птица,8
крем мясо,8
блюдо улитка,8
дичь мягкий сыр,8
голубой гриль,8
голубой ягнёнок,8
рыба фрукт,8
аперитив равиоли,8
мидия рыба,8
мясо спаржа,8
вино свинина,8
ароматный сыр дичь,8
жареный рыба овощ,8
козий сыр птица,8
паста стейк,8
кухня речной рыба,8
гра сладкое,8
crottin козий сыр,8
мясо суши,8
гусь эльзас,8
аперитив моллюск,8
блюдо десерт,8
карпаччо соус,8
пирог фуа,8
дичь хамон,8
гастрономия телятина,8
закуска пирог,8
свинин стейка,8
вино холодное,8
колбаска тосканский кухня,8
chavignol соус,8
морской рыба салат,8
ризотто ягнятина,8
дополнение кальмар,8
манго сыр,8
аперитив лосось,8
специя трава,8
рыба тайский кухня,8
козий сыр шавиньоль,8
суши сыр,8
блюдо тартар,8
время мясо,8
сёмга телятина,8
курица свинин,8
мясо стракотто,8
омар равиоли,8
кабан сыр,8
креветка мясо,8
колбаска лёгкое,8
гриль пьемонтский кухня,8
лосось стейкома,8
бланманже голубой,8
свинина сочетание,8
бела салат,8
телятина трюфель,8
лёгкое сен,8
гастрономия рулька,8
мясо пьемонтский кухня,8
грудка соус,8
вечеринка пицца,8
трюфель ягнятина,8
горячее сочетание,8
белые устрица,8
деликатес сыр,8
оленина телятина,8
гребешок сен,8
гриль филе,8
гастрономия гусь,8
haute сыр,8
говядина голубой,8
выдержка сопровождение,8
вино гребешок,8
сладкое фуа,8
вино речной рыба,8
гусь птица,8
голубой дичь,8
мясо средиземноморский кухня,8
рёбрышко филе,8
говядина филе,8
восточный кухня дополнение,8
высокий кухня соус,10
блюдо манго,10
болоньеза мясо,10
твёрдый сыр трава,10
рис соус,10
пряность соус,10
салат устрица,10
салат свинин,10
паста рис,10
барбекю закуска,10
салат фрукт,10
мясо прожарка,10
аперитив форель,10
закуска пикник,10
зелень салат,10
разнобразный сыр утка,10
аперитив паста,10
жаркое сопровождение,10
пряность сыр,10
жаркое филе,10
гриль жаркое,10
горький качество,10
блюдо стейк,10
блюдо большинство,10
сопровождение трава,10
полутвёрдый сыр соус,10
каре трава,10
качество форель,10
морепродукт утка,10
жаркое каре,10
лангустин специя,10
жирный рыба рыба,10
восточный кухня мясо,10
морской рыба специя,10
горячее закуска,10
закуска цыплёнок,10
десерт пирог,10
морской рыба паштет,10
морепродукт омар,10
креветка сыр,10
блюдо вителло,10
компаньон сыр,10
качество тарелка,10
великое кухня,10
десерт пикантный сыр,10
баранина сочетание,10
stilton сочетание,10
морской рыба рулет,10
баранина петух,10
горький десерт,10
блюдо стинк,10
кухня сладкое,10
барбекю мясо,10
паста тунец,10
тандурь филе,10
гриль разнобразный сыр,10
блюдо каре,10
утка ягнятина,10
дижестив тарелка,10
моллюск соус,10
закуска тунец,10
дичь трава,10
телятина цыплёнок,10
груша сыр,10
haute блюдо,10
дичь полутвёрдый сыр,10
сочетание фрукт,10
гриль фуа,10
кухня утка,10
великое жаркое,10
рыба утка,10
горячее мясо,10
вкус ягнёнок,10
голубой мясо,10
горький сочетание,10
медитация сопровождение,10
краб салат,10
сочетание тарелка,10
баранина каре,10
омар телятина,10
каре тандурь,10
дичь морской рыба,10
зелень морепродукт,10
морской рыба цыплёнок,10
речной рыба салат,10
телятина трава,10
паста суп,10
баранина тандурь,10
вина сочетание,10
дичь чернослив,10
соус филе,10
гриль прожарка,10
рыба сёмга,10
мясо салями,10
лангустин рулет,10
вина соус,10
блюдо фрукт,10
икра сыр,10
свинина сладкое,10
мягкий сыр телятина,10
ризотто сочетание,10
сочетание утка,10
вино тунец,10
шукрут эльзас,10
лосось лёгкое,10
гра гриль,10
ризотто суп,10
баранина вина,10
блюдо дыня,10
блюдо тандурь,10
сопровождение филе,10
закуска курица,10
выпечка десерт,10
рулет телятина,10
тандурь трава,10
дижестив сопровождение,10
азиатский кухня сыр,10
говядина трюфель,10
соус улитка,10
дичь стейкома,10
качество омар,10
жаркое трава,10
великое трава,10
барбекю блюдо,10
каре сопровождение,10
блюдо полутвёрдый сыр,10
гриль форель,10
рыба специя,10
великое событие,10
дичь разнобразный сыр,10
тарелка шоколад,10
гриль краб,10
гриб сыр,10
stilton десерт,10
десерт пара,10
гриль молодая,10
великое гриль,10
вино гра,10
десерт сопровождение,10
говядина прожарка,10
рулет соус,10
лёгкое цыплёнок,10
бела цыплёнок,10
омар специя,10
вино ризотто,10
рулет рыба,10
лёгкое мягкий сыр,10
лангустин паштет,10
вино фуа,10
бела морепродукт,10
говядина петух,10
качество паста,10
дополнение качество,10
пара рыба,10
курица пицца,10
разнобразный сыр сыр,10
разнобразный сыр ягнятина,10
выдержка колбаса,10
рулька шукрут,10
лук мясо,10
гребешок лосось,10
мясо пирог,10
краб омар,10
великое мясо,10
вино пьемонтский кухня,10
копчёность мясо,10
зрелый сыр мясо,10
вкус паста,10
говядина свинина,10
азиатский кухня закуска,10
салат свинина,10
великое филе,10
вкус рис,10
мясо разнобразный сыр,10
десерт температура,10
лангустин телятина,10
рагу трюфель,10
рулька эльзас,10
великое каре,10
баранина филе,10
блюдо чернослив,10
косточка соус,10
лёгкое молодая,10
соус стейками,10
пара плесень,10
блюдо разнобразный сыр,10
stilton пара,10
морепродукт свинин,10
карпаччо кухня,10
дичь карпаччо,10
морепродукт телятина,10
восточный кухня морепродукт,10
омар паштет,10
мясо полутвёрдый сыр,10
рис ягнёнок,10
рулет специя,10
специя твёрдый сыр,10
каре филе,10
белые мягкий сыр,10
сыр шоколад,10
паштет специя,10
морепродукт пирог,10
краб сыр,10
изделие сыр,10
мягкий сыр птица,10
quintarelli сопровождение,10
мягкий сыр сочетание,10
блюдо великое,10
гриль жирный рыба,10
великое тандурь,10
закуска телятина,10
quintarelli медитация,10
соус щука,10
индейка соус,10
стинк трюфель,10
свинина телятина,10
горький тарелка,10
великое высокий кухня,10
салат сопровождение,10
великое дичь,10
жирный рыба мясо,10
кухня суши,10
stilton плесень,10
морской рыба телятина,10
вино говядина,10
гриль цыплёнок,10
овечий сыр ягнёнок,10
баранина великое,10
горячее гриль,10
трава филе,10
лангустин омар,10
овечий сыр рагу,10
вино овощ,10
горький дижестив,10
белые выдержка,10
мясо тунец,10
сопровождение тандурь,10
блюдо приправа,10
омар рулет,10
соус суши,10
вителло трюфель,10
паштет рулет,10
жаркое тандурь,10
соус чернослив,12
bistecca блюдо,12
баранина специя,12
качество равиоли,12
говядина специя,12
телятина фуа,12
салат суп,12
гриль специя,12
пирог рыба,12
качество температура,12
голень трюфель,12
блюдо краб,12
fiorentina блюдо,12
говядина оленина,12
омар соус,12
соус устрица,12
морепродукт пицца,12
курица утка,12
колбаска кухня,12
блюдо карри,12
мясо приправа,12
индейка ягнёнок,12
горький шоколад,12
мясо пицца,12
дичь косточка,12
блюдо стейка,12
высокий кухня особенность,12
вино сольдёр,12
бифштекс блюдо,12
мясо равиоли,12
вино особенность,12
аперитив высокий кухня,12
морепродукт сладкое,12
болоньеза гриль,12
копчёность сыр,12
равиоли рыба,12
мягкий сыр салат,12
мясо цыплёнок,12
блюдо равиоли,12
колбаса мясо,12
десерт тарелка,12
гриль хамон,12
азиатский кухня телятина,12
блюдо прекрасный сыр,12
высокий кухня морепродукт,12
говядина дополнение,12
лёгкое фрукт,12
лосось салат,12
гра телятина,12
соус ягнятина,12
пекорино сыр,12
морепродукт равиоли,12
бефстроганов гриль,12
колбаска сыр,12
птица свинина,12
копчёный рыба рыба,12
аперитив сопровождение,12
сольдёр сопровождение,12
ароматный сыр сыр,12
блюдо розмарин,12
красный рыба соус,12
качество шоколад,12
салат спаржа,12
мясо трюфель,12
блюдо омар,12
невыдержанный сыр сыр,12
кухня сольдёр,12
кухня птица,12
вина твёрдый сыр,12
курица паста,12
мясо хамон,12
птица ризотто,12
toscana блюдо,12
креветка соус,12
особенность сольдёр,12
говядина молодая,12
горячее сыр,12
дичь колбаска,12
колбаска пицца,12
десерт плесень,12
дичь салат,12
дополнение птица,12
гребешок козий сыр,12
индейка утка,12
восточный кухня соус,12
петух сыр,12
блюдо голень,12
паста холодное,12
говядина рёбрышко,12
гриль индейка,12
блюдо пирог,12
морской рыба омар,12
гриль суп,12
гриль козий сыр,12
блюдо тосканск,12
паштет соус,12
гриль устрица,12
равиоли речной рыба,12
белые дичь,12
рис сыр,12
рыба спаржа,12
блюдо сольдёр,12
мясо трава,12
выдержка утка,12
рёбрышко ягнёнок,12
говядина косточка,12
вина говядина,12
баранина выдержка,12
гриль креветка,12
десерт салат,12
высокий кухня сольдёр,12
гриль карпаччо,12
сочетание шоколад,12
гриль оленина,12
пара сочетание,12
гриль полутвёрдый сыр,12
ossibuchi блюдо,12
великое сопровождение,12
высокий кухня качество,12
каре соус,12
дижестив шоколад,12
особенность сопровождение,12
десерт шоколад,12
молодая соус,12
сочетание холодное,12
кухня особенность,12
вино козий сыр,12
телятина эльзас,12
молодая мясо,12
гребешок птица,12
дичь холодное,12
кухня ягнёнок,12
блюдо стейками,14
жареный рыба морепродукт,14
кухня средиземноморский кухня,14
мясо рагу,14
рагу сочетание,14
десерт фрукт,14
овощ сочетание,14
белые кухня,14
блюдо цыплёнок,14
блюдо рис,14
дижестив сочетание,14
овощ рагу,14
паштет сыр,14
баранина сопровождение,14
говядина сочетание,14
блюдо сладкое,14
гриль тосканский кухня,14
голубой соус,14
карпаччо мясо,14
зрелый сыр сыр,14
вино лёгкое,14
молодая овощ,14
блюдо рагу,14
сочетание фуа,14
говядина холодное,14
качество козий сыр,14
стейкома ягнёнок,14
гра сочетание,14
аперитив дополнение,14
дополнение лёгкое,14
гриль красный рыба,14
аперитив белые,14
салат тунец,14
белые закуска,14
рыба форель,14
дополнение морепродукт,14
гриль колбаса,14
овощ свинин,14
мясо пара,14
карпаччо трюфель,14
баранина жаркое,14
морепродукт свинина,14
вино колбаса,14
кухня русский кухня,14
азиатский кухня морепродукт,14
блюдо русский кухня,14
морской рыба сыр,14
кролик ягнёнок,14
дополнение мясо,14
вина ягнёнок,14
блюдо средиземноморский кухня,14
блюдо тайский кухня,14
соус стейка,14
морепродукт сопровождение,14
вкус соус,14
морепродукт цыплёнок,14
креветка рыба,14
вино шукрут,14
гриль овечий сыр,14
паштет телятина,14
паста ягнёнок,14
моллюск сыр,14
аперитив козий сыр,14
дичь жаркое,14
креветка салат,14
соус спаржа,14
выдержка кролик,14
краб рыба,14
трюфель утка,14
морепродукт ризотто,14
баранина рагу,14
гребешок мясо,14
равиоли сыр,14
блюдо число,14
мясо паштет,14
козий сыр моллюск,14
каре сыр,14
рулька рыба,14
блюдо индейка,14
рыба свинин,14
полутвёрдый сыр рыба,14
говядина чернослив,14
прожарка стейка,14
вино эльзас,14
говядина трава,14
рыба шукрут,14
мясо речной рыба,14
специя телятина,14
говядина овечий сыр,14
козий сыр речной рыба,14
жареный рыба сыр,14
гриль лосось,14
вкус сопровождение,16
блюдо гастрономия,16
голубой гра,16
мясо специя,16
болоньеза паста,16
дичь паста,16
дичь стейка,16
аперитив речной рыба,16
рагу утка,16
закуска суп,16
морепродукт холодное,16
гриль стейка,16
мясо фуа,16
вино сочетание,16
аперитив овощ,16
мягкий сыр соус,16
выдержка морепродукт,16
говядина салат,16
баранина салат,16
говядина твёрдый сыр,16
сладкое сыр,16
пицца салат,16
азиатский кухня гра,16
высокий кухня дичь,16
белые паста,16
лёгкое овощ,16
паста ризотто,16
вино медитация,16
рёбрышко сыр,16
выпечка сыр,16
лосось сочетание,16
бела сыр,16
говядина карпаччо,16
голубой фуа,16
дичь рыба,16
свинин соус,16
пьемонтский кухня ризотто,16
белые лёгкое,16
лосось мясо,16
ризотто трюфель,16
белые вино,16
мясо устрица,16
мясо оленина,16
мясо свинина,16
блюдо устрица,16
закуска кухня,16
индейка сыр,16
говядина свинин,16
закуска овощ,16
рис сопровождение,16
дичь дополнение,16
гра мясо,16
рыба суши,16
горячее холодное,16
моллюск рыба,16
гриль пара,16
краб соус,16
азиатский кухня фуа,16
сыр тунец,16
соус трава,16
кухня мягкий сыр,16
телятина ягнёнок,16
белые ризотто,18
говядина овощ,18
дичь колбаса,18
блюдо колбаска,18
говядина кролик,18
морепродукт суп,18
блюдо шукрут,18
закуска качество,18
кухня телятина,18
рыба сопровождение,18
овощ ягнёнок,18
сыр хамон,18
овощ салат,18
соус холодное,18
кухня трюфель,18
белые качество,18
барбекю сыр,18
блюдо сёмга,18
высокий кухня рыба,18
овощ паста,18
голубой десерт,18
блюдо трава,18
баранина оленина,18
козий сыр мясо,18
прожарка соус,18
лёгкое холодное,18
десерт сухофрукты,18
жареный рыба рыба,18
кухня салат,18
азиатский кухня мясо,18
выдержка паста,18
выдержка рыба,18
кухня лёгкое,18
качество овощ,18
морепродукт устрица,18
гриль рёбрышко,18
лёгкое суп,18
суп сыр,18
гребешок соус,18
блюдо паштет,18
закуска колбаска,18
ризотто соус,18
блюдо молодая,18
высокий кухня сопровождение,18
блюдо гусь,18
паста сочетание,18
аперитив закуска,18
красный рыба рыба,18
блюдо суши,18
закуска молодая,18
гриль сопровождение,18
морепродукт овощ,18
пьемонтский кухня трюфель,18
плесень сочетание,18
мясо омар,18
оленина сочетание,18
лёгкое соус,18
паста сопровождение,18
молодая морепродукт,20
беф блюдо,20
кухня петух,20
соус специя,20
беф мясо,20
гриль петух,20
вина кухня,20
кролик птица,20
баранина утка,20
мясо стейками,20
барашек петух,20
барашек мясо,20
беф гриль,20
барашек бургундский кухня,20
жаркое ягнёнок,20
ризотто рыба,20
курица соус,20
кухня паста,20
рыба суп,20
гра десерт,20
беф петух,20
рыба фуа,20
кухня сопровождение,20
блюдо бургундский кухня,20
морепродукт морской рыба,20
бургундский кухня вина,20
дополнение рыба,20
дичь свинин,20
беф вина,20
гриль холодное,20
десерт фуа,20
выдержка птица,20
медитация мясо,20
ассорти баранина,20
блюдо горячее,20
говядина птица,20
барашек беф,20
пирог сыр,20
барашек вина,20
тандурь ягнёнок,20
соус трюфель,20
конт сыр,20
вино дополнение,20
бургундский кухня гриль,20
паштет рыба,20
барашек кухня,20
блюдо колбаса,20
ассорти телятина,20
кухня ризотто,20
говядина паста,20
блюдо петух,20
ассорти соус,20
блюдо жаркое,20
бургундский кухня кролик,20
беф кухня,20
лёгкое пицца,20
дичь прожарка,20
соус цыплёнок,20
косточка ягнёнок,20
гра рыба,20
вино рулька,20
качество речной рыба,20
барашек блюдо,20
рыба устрица,20
гриль дополнение,20
беф кролик,20
говядина стейка,20
беф бургундский кухня,20
барашек кролик,20
сыр тосканский кухня,20
бургундский кухня петух,20
кролик петух,20
прожарка сыр,20
жаркое сыр,20
вино салат,20
беф дичь,20
мясо петух,20
блюдо вина,22
блюдо тунец,22
вино качество,22
бела белые,22
лангустин птица,22
лобстер птица,22
косточка сыр,22
вина кролик,22
дичь пьемонтский кухня,22
лобстер мясо,22
лангустин лобстер,22
блюдо моллюск,22
дичь тосканский кухня,22
аперитив десерт,22
соус тунец,22
дичь медитация,22
дополнение салат,22
овечий сыр сыр,22
гребешок сыр,22
гриль ягнятина,22
сыр цыплёнок,22
гриль стейками,22
мясо тосканский кухня,22
мясо стейкома,22
бела лобстер,22
курица рыба,22
дичь ризотто,22
рёбрышко соус,22
белые лобстер,22
ассорти блюдо,22
бела лангустин,22
гриль пицца,22
блюдо специя,22
аперитив вино,22
перец соус,22
сыр холодное,22
блюдо эльзас,22
колбаса сыр,22
стейка сыр,22
пицца сыр,22
сочетание телятина,22
дичь оленина,22
гриль морской рыба,22
лосось рыба,22
гриль ризотто,22
ассорти мясо,24
птица салат,24
вина сыр,24
аперитив птица,24
бургундский кухня дичь,24
дичь рагу,24
барашек дичь,24
дичь специя,24
мясо суп,24
морепродукт речной рыба,24
блюдо лобстер,24
качество кухня,24
мочь сухофрукты,24
гриль трава,24
морепродукт птица,24
блюдо пицца,24
соус стейкома,24
бела птица,24
рагу ягнёнок,24
морской рыба мясо,24
закуска птица,24
блюдо спаржа,24
сыр фрукт,24
свинин телятина,24
дичь сопровождение,24
стейкома сыр,24
бургундский кухня мясо,24
колбаса соус,24
лобстер морской рыба,24
лёгкое паста,24
молодая рыба,24
дичь ягнятина,24
жаркое мясо,24
стейками сыр,24
качество орех,24
кухня фуа,24
блюдо лангустин,24
орех сыр,24
гра кухня,24
бургундский кухня кухня,24
мочь орех,24
салат холодное,26
закуска пицца,26
сопровождение соус,26
морской рыба птица,26
дижестив орех,26
баранина трава,26
ризотто сыр,26
ассорти сыр,26
вино закуска,26
орех сухофрукты,26
рыба эльзас,26
курица мясо,26
пикантный сыр сыр,26
гриль твёрдый сыр,26
блюдо свинина,26
вина мясо,26
дижестив мочь,26
лобстер соус,26
белые салат,26
качество мочь,26
сочетание твёрдый сыр,26
белые морской рыба,26
качество птица,26
блюдо речной рыба,26
рыба холодное,26
гриль кролик,28
кролик кухня,28
лангустин мясо,28
мочь сыр,28
лобстер рыба,28
телятина утка,28
аперитив кухня,28
салат сочетание,28
выдержка закуска,28
десерт лёгкое,28
мясо холодное,28
омар рыба,28
десерт сочетание,28
белые лангустин,28
сухофрукты сыр,28
лосось соус,28
качество сопровождение,28
азиатский кухня рыба,28
дополнение сыр,28
блюдо гребешок,28
кухня пьемонтский кухня,28
дополнение соус,28
выдержка телятина,28
дичь овощ,30
гриль свинина,30
восточный кухня кухня,30
stilton сыр,30
свинина сыр,30
дичь утка,30
птица телятина,30
сыр фуа,30
гра сыр,30
бела мясо,30
барашек гриль,30
блюдо карпаччо,30
паста пицца,30
блюдо пара,30
филе ягнёнок,30
качество сухофрукты,30
сыр трюфель,30
речной рыба сыр,30
сочетание ягнёнок,30
гриль свинин,30
свинина соус,30
рагу телятина,30
гриль птица,30
закуска сочетание,30
гриль мягкий сыр,30
морепродукт мягкий сыр,30
вина гриль,30
вино телятина,30
рыба цыплёнок,30
полутвёрдый сыр сыр,30
блюдо рулька,30
кролик сыр,30
дичь петух,32
курица морепродукт,32
бела морской рыба,32
краб мясо,32
лангустин морской рыба,32
блюдо пьемонтский кухня,32
десерт дижестив,32
говядина мясо,32
блюдо твёрдый сыр,32
мясо ризотто,32
рыба свинина,32
лангустин рыба,32
мягкий сыр мясо,32
козий сыр соус,32
вино сопровождение,32
великое ягнёнок,32
мясо ягнятина,32
мясо утка,32
дижестив сухофрукты,32
сыр трава,34
сыр ягнятина,34
блюдо суп,34
вина петух,34
курица сыр,34
козий сыр салат,34
вино морепродукт,34
паста салат,34
рагу соус,34
паста птица,34
мясо сопровождение,34
специя сыр,34
дичь закуска,34
морепродукт паста,34
блюдо ягнятина,36
азиатский кухня соус,36
блюдо морской рыба,36
вино высокий кухня,36
оленина ягнёнок,36
трава ягнёнок,36
дижестив сыр,36
сладкое соус,36
козий сыр рыба,36
дичь трюфель,38
баранина ягнёнок,38
овощ рыба,38
лёгкое сочетание,38
мягкий сыр рыба,38
оленина соус,38
блюдо лосось,38
овощ телятина,38
сопровождение ягнёнок,38
кролик мясо,38
речной рыба рыба,38
каре ягнёнок,38
гриль лёгкое,38
лангустин соус,38
вино птица,40
гриль колбаска,40
козий сыр морепродукт,40
дичь птица,40
пара сыр,40
голубой сыр,40
говядина телятина,40
блюдо свинин,40
кухня тосканский кухня,40
говядина рагу,40
выдержка ягнёнок,40
блюдо дополнение,40
твёрдый сыр ягнёнок,42
аперитив гриль,42
высокий кухня сыр,42
выдержка дичь,42
блюдо гра,42
кухня морепродукт,42
выдержка гриль,42
говядина закуска,42
блюдо восточный кухня,42
гриль утка,42
блюдо фуа,42
свинин сыр,42
аперитив соус,42
гриль салат,42
паста рыба,42
гриль рагу,42
баклажан пряность,44
морепродукт сочетание,44
качество соус,44
сочетание цуккиня,44
баклажан сочетание,44
блюдо цуккиня,44
гра соус,44
баклажан гриб,44
мясо цуккиня,44
баклажан дичь,44
пряность цуккиня,44
курица салат,44
баклажан цуккиня,44
дичь цуккиня,44
гриб цуккиня,44
соус фуа,44
дичь кролик,44
выдержка говядина,46
баклажан мясо,46
азиатский кухня кухня,46
блюдо оленина,46
высокий кухня сочетание,46
баклажан блюдо,46
аперитив сочетание,46
бела соус,46
блюдо холодное,46
закуска соус,46
блюдо мягкий сыр,46
белые птица,46
гриб пряность,46
белые гриль,48
пряность сочетание,48
гриб мясо,48
закуска паста,48
гриль качество,48
бела блюдо,48
вина дичь,48
вино гриль,48
блюдо трюфель,48
белые морепродукт,48
мясо овощ,50
мясо твёрдый сыр,50
плесень сыр,50
рыба телятина,50
кролик соус,50
гриб сочетание,50
баранина мясо,50
гриб дичь,50
дичь пряность,50
дижестив качество,52
блюдо кролик,52
высокий кухня мясо,52
баранина телятина,52
мясо пряность,54
медитация сыр,54
десерт качество,54
блюдо ризотто,54
молодая сыр,54
соус утка,54
блюдо пряность,54
блюдо медитация,56
рагу сыр,56
бордель вкус,56
гра фуа,56
вкус филе,56
гриль закуска,56
вкус особенность,56
вкус дичь,56
вкус голубь,56
блюдо козий сыр,56
мясо телятина,58
лёгкое мясо,58
блюдо овощ,58
сопровождение сыр,58
качество салат,58
блюдо тосканский кухня,58
рыба сочетание,58
аперитив лёгкое,60
закуска холодное,60
вино соус,60
бела рыба,60
качество сочетание,60
качество лёгкое,60
баранина дичь,62
закуска морепродукт,62
гриль паста,62
соус твёрдый сыр,62
сыр утка,62
белые сыр,62
азиатский кухня блюдо,62
аперитив салат,62
блюдо гриб,62
аперитив мясо,62
блюдо утка,62
салат соус,64
блюдо голубь,64
мясо ягнёнок,64
бордель филе,64
бордель сыр,64
голубь сыр,64
голубь филе,64
блюдо бордель,64
голубь дичь,64
бордель дичь,64
особенность филе,64
вино кухня,64
бордель голубь,64
бордель особенность,64
дичь особенность,64
особенность сыр,64
голубь особенность,64
блюдо курица,64
дичь филе,64
кухня сочетание,64
закуска мясо,66
дичь твёрдый сыр,68
выдержка мясо,68
лёгкое рыба,68
овощ соус,68
лёгкое сыр,68
гриль кухня,70
паста сыр,70
гриль телятина,70
аперитив сыр,70
морской рыба соус,72
баранина гриль,72
вкус сыр,72
сыр филе,72
оленина сыр,72
блюдо вкус,74
дичь телятина,74
овощ сыр,74
аперитив рыба,76
блюдо выдержка,76
кухня рыба,76
качество мясо,76
блюдо особенность,76
лёгкое морепродукт,78
вино рыба,78
баранина говядина,78
морепродукт соус,78
паста соус,80
блюдо филе,80
гриль сочетание,82
белые соус,82
десерт сыр,82
мягкий сыр сыр,82
баранина блюдо,82
аперитив морепродукт,82
закуска салат,84
блюдо сопровождение,84
мясо паста,84
морской рыба рыба,84
дичь кухня,84
говядина гриль,86
качество рыба,88
птица сыр,88
баранина соус,88
мясо салат,88
говядина ягнёнок,90
вино дичь,90
качество морепродукт,92
гриль морепродукт,92
закуска рыба,94
вино мясо,94
салат сыр,94
выдержка соус,94
гриль овощ,94
козий сыр сыр,98
белые блюдо,98
белые рыба,98
рыба салат,98
сыр твёрдый сыр,100
кухня соус,100
птица рыба,100
блюдо говядина,102
соус сочетание,104
блюдо ягнёнок,104
морепродукт мясо,104
вино сыр,110
высокий кухня кухня,112
блюдо высокий кухня,116
качество сыр,116
кухня сыр,116
закуска сыр,118
блюдо паста,120
дичь ягнёнок,124
гриль ягнёнок,124
аперитив блюдо,124
лёгкое салат,126
морепродукт салат,126
говядина дичь,130
блюдо качество,136
закуска лёгкое,138
блюдо лёгкое,140
говядина соус,140
птица соус,140
дичь сочетание,142
белые мясо,144
блюдо телятина,146
кухня мясо,148
мясо птица,148
баранина сыр,152
блюдо салат,156
мясо сочетание,164
блюдо птица,164
сыр телятина,164
блюдо закуска,170
морепродукт сыр,174
выдержка сыр,178
соус ягнёнок,180
блюдо вино,188
соус телятина,192
гриль рыба,202
аперитив качество,202
рыба сыр,214
говядина сыр,216
сыр ягнёнок,216
сочетание сыр,222
морепродукт рыба,226
рыба соус,240
гриль соус,240
гриль дичь,258
мясо рыба,264
блюдо сочетание,292
блюдо морепродукт,302
блюдо гриль,360
дичь соус,368
мясо соус,394
блюдо кухня,398
блюдо рыба,424
гриль сыр,466
блюдо соус,510
гриль мясо,532
соус сыр,546
дичь мясо,642
блюдо дичь,670
дичь сыр,736
мясо сыр,840
блюдо мясо,960
блюдо сыр,984
