долька,1
бефсторган,1
карбонар,1
композиция,1
карп,1
джим,1
вечер,1
магра,1
грейпс,1
black,1
маракуйя,1
rigotte,1
цезарь,1
антрекот,1
джем,1
сироп,1
бефстроганоф,1
шпинат,1
белых,1
лёд,1
лисичка,1
строгановск,1
долме,1
суфле,1
штрудель,1
треск,1
лещ,1
пряный кухня,1
лимон,1
рецепт,1
вариант,1
бел,1
деликатесный сыр,1
оливка,1
испанский сыр,1
множество,1
каперс,1
миксолог,1
шарик,1
тест,1
сырой рыба,1
перепёлка,1
хороший рыба,1
лесной,1
сладость,1
рататуй,1
свой кислотность,1
шейк,1
черта,1
использование,1
терияк,1
тапас,1
общение,1
condrieu,1
шафран,1
стир,1
печение,1
чеснок,1
молодой,1
террина,1
бекон,1
бланкетта,1
вок,1
горшочек,1
отварный рыба,1
помидор,1
нежирный рыба,1
фасоль,1
шницель,1
риккот,1
тоник,1
poulet,1
изюм,1
молоко,1
отдых,1
конфи,1
местный кухня,1
кабанчик,1
вегетарианский кухня,1
васаби,1
гарнир,1
альянико,1
творог,1
высокий кислотность,1
деликатный сыр,1
шедевр,1
харчо,1
скат,1
михан,1
котлета,1
анчоус,1
итальянский кухня,1
чеддер,1
королевск,1
егерьск,1
можжевельник,1
апельсин,1
noval,1
сувлак,1
выждержка,1
барабулька,1
превосходный рыба,1
графенберг,1
разнообразный сыр,1
сицилийский кухня,1
тапенад,1
сельдь,1
хвост,1
кефаль,1
окончание,1
простой,1
blanquette,1
шашлык,1
тип,1
презунто,1
состав,1
пиццой,1
начинка,1
стилтон,1
бургундский сыр,1
спагетти,1
сальсоя,1
фрая,1
брускетта,1
кляр,1
тост,1
пресноводный рыба,1
кулинария,1
крыжовник,1
лагмана,1
почка,1
ананас,1
прованский кухня,1
клубника,1
сикс,1
мир,1
нежный рыба,1
запечёный рыба,2
мёд,2
грибов,2
ростбиф,2
bufala,2
время,2
часть,2
паппарделла,2
орешек,2
кулебяка,2
кислотность,2
сардина,2
кровь,2
сибас,2
бри,2
бисквит,2
чоризо,2
пирожное,2
борщ,2
количество,2
рислинг,2
японский кухня,2
боб,2
образец,2
свежий сыр,2
лангуст,2
рикотт,2
бофора,2
горгонзола,2
цедра,2
вишня,2
рак,2
озёрный рыба,2
курочка,2
нарезка,2
mozzarella,2
амарон,2
грудинка,2
яблоко,2
седло,2
мюнстер,2
bourguignonne,2
моцарелла,2
различный сыр,2
тара,2
капуста,2
имбирь,2
зайчатина,2
масло,2
торт,2
портвейн,2
коктейль,2
дар,2
стракотто,2
сэн,2
бургиньон,2
сливочный сыр,2
жульен,2
артишок,2
запеканка,2
тальятелла,2
пудинг,2
основа,2
угорь,2
майоран,2
ягенкома,2
осетрина,2
море,2
поросёнок,2
сибасс,2
салерс,2
трубочка,2
caberlo,2
кебаб,2
паэлье,2
солянка,2
осьминог,2
classico,3
аросто,3
бифштекс,3
китайский кухня,3
valpolicella,3
лазанья,3
событие,3
toscana,3
лук,3
дыня,3
тартар,3
мороженое,3
bistecca,3
вырезка,3
икра,3
изыск,3
трапеза,3
сочетаня,3
лапка,3
стинк,3
fiorentina,3
прекрасный сыр,3
стружка,3
любой,3
amarone,3
ossibuchi,3
брюла,3
улитка,3
щука,3
острый сыр,3
аккомпанемент,3
бразато,3
вителло,3
жюльеном,3
пекорино,4
фазан,4
заяц,4
печень,4
копчёный рыба,4
гастрономия,4
вечеринка,4
бланманже,4
ветчина,4
деликатес,4
сигара,4
шавиньоль,4
голень,4
сен,4
chavignol,4
чорисо,4
тайский кухня,4
шейка,4
большинство,4
томат,4
crottin,4
жирный рыба,5
шукрут,5
stilton,5
приправа,5
зелень,5
тандурь,5
манго,5
кабан,5
груша,5
quintarelli,5
разнобразный сыр,5
кальмар,5
крем,5
haute,5
мидия,5
гусь,5
температура,5
сорт,5
тосканск,5
пармезан,5
гуляш,5
средиземноморский кухня,5
вид,6
сёмга,6
копчёность,6
грудка,6
сольдёр,6
число,6
рулет,6
компаньон,6
тарелка,6
конт,6
горький,6
изделие,6
розмарин,6
карри,6
ароматный сыр,6
невыдержанный сыр,6
стейк,7
бефстроганов,7
форель,7
русский кухня,7
суши,7
зрелый сыр,7
равиоли,7
рис,7
салями,8
болоньеза,8
чернослив,8
жареный рыба,9
эльзас,9
рулька,9
красный рыба,9
пикник,10
перец,10
моллюск,10
выпечка,10
беф,10
великое,11
овечий сыр,11
пикантный сыр,11
шоколад,12
креветка,12
спаржа,12
хамон,12
рёбрышко,12
горячее,12
плесень,12
бургундский кухня,12
косточка,13
орех,13
барбекю,13
ассорти,14
каре,14
омар,14
мочь,14
пьемонтский кухня,14
фрукт,15
восточный кухня,15
лобстер,15
полутвёрдый сыр,15
барашек,15
колбаса,16
карпаччо,16
сладкое,16
краб,16
прожарка,17
стейкома,17
петух,17
индейка,17
устрица,18
стейками,18
сухофрукты,18
паштет,18
гребешок,18
речной рыба,19
тосканский кухня,20
лангустин,20
жаркое,21
пара,21
колбаска,21
пирог,21
голубой,21
тунец,21
цуккиня,22
цыплёнок,23
баклажан,23
стейка,23
азиатский кухня,23
ягнятина,24
суп,26
трюфель,26
специя,26
лосось,26
гра,28
фуа,28
вина,28
трава,28
дижестив,29
бела,30
молодая,30
пряность,32
бордель,32
голубь,32
свинина,33
ризотто,33
гриб,34
пицца,35
дополнение,35
вкус,36
холодное,37
свинин,37
особенность,38
медитация,39
мягкий сыр,41
кролик,42
морской рыба,42
козий сыр,43
филе,45
оленина,45
курица,45
утка,48
рагу,48
твёрдый сыр,50
высокий кухня,56
десерт,61
сопровождение,70
овощ,75
белые,80
выдержка,95
аперитив,101
паста,102
баранина,104
птица,124
вино,127
телятина,129
лёгкое,131
качество,137
ягнёнок,155
говядина,157
салат,166
кухня,167
закуска,173
сочетание,209
морепродукт,214
рыба,300
гриль,417
соус,491
дичь,529
мясо,701
сыр,934
блюдо,958
