аперитив изделие,1
veau рыба,1
вок салат,1
кефаль устрица,1
компаньон свинин,1
рак фуа,1
портвейн трапеза,1
творог трава,1
veau блюдо,1
печень ягнёнок,1
basquaise рыба,1
грудинка рагу,1
ананас шарик,1
аккомпанемент барбекю,1
poulet соус,1
закуска креветка,1
выдержка компаньон,1
баранина холодное,1
качество ризотто,1
сыр чеддер,1
каперс мясо,1
аперитив дар,1
десерт черта,1
аперитив вид,1
гриль шейк,1
рыба шейк,1
сельдь телятина,1
аперитив цезарь,1
общение отдых,1
качество трава,1
перец устрица,1
коктейль рыба,1
сопровождение утка,1
пара шедевр,1
аперитив стружка,1
борщ закуска,1
спаржа улитка,1
basquaise гриль,1
десерт сикс,1
горький мир,1
лёгкое телятина,1
белые кляр,1
кролик сопровождение,1
ананас стружка,1
егерьск крыжовник,1
горячее фуа,1
кебаб манго,1
барашек сыр,1
кухня лобстер,1
белые пицца,1
бри пекорино,1
блюдо сальсоя,1
вырезка прожарка,1
зайчатина соус,1
мидия рецепт,1
барбекю пирожное,1
артишок рыба,1
грудка прожарка,1
сироп сопровождение,1
блюдо харчо,1
гриль компаньон,1
жаркое число,1
шейк шукрут,1
прожарка холодное,1
креветка холодное,1
салями треск,1
говядина тара,1
лосось пряность,1
копчёность специя,1
дополнение лещ,1
аперитив шарик,1
свинин стейками,1
вариант жаркое,1
лёгкое пиццой,1
масло сочетание,1
индейка свинина,1
коктейль сыр,1
изделие использование,1
моцарелла рыба,1
кебаб маракуйя,1
моллюск холодное,1
качество коктейль,1
морепродукт рулька,1
черта шафран,1
можжевельник морепродукт,1
плесень фуа,1
сладкое ягнёнок,1
лосось плесень,1
карп сёмга,1
аперитив мороженое,1
вино хамон,1
бел сочетание,1
сладость трава,1
выпечка мороженое,1
блюдо скат,1
noval отдых,1
основа сочетание,1
паштет устрица,1
карбонар паста,1
апельсин холодное,1
зайчатина паппарделла,1
говядина фасоль,1
гриль пекорино,1
голень закуска,1
рыба черта,1
ананас блюдо,1
колбаса кухня,1
баранина овощ,1
кухня пряность,1
бекон заяц,1
карпаччо масло,1
можжевельник рыба,1
гриль почка,1
паста почка,1
basquaise рататуй,1
блюдо прожарка,1
общение состав,1
начинка сыр,1
вариант хамон,1
ассорти тунец,1
сочетание температура,1
гриль шедевр,1
кислотность улитка,1
баранина стейк,1
васаби терияк,1
вид общение,1
десерт креветка,1
аккомпанемент салат,1
маракуйя сопровождение,1
птица шафран,1
карпаччо овощ,1
пара салат,1
condrieu лобстер,1
condrieu сыр,1
качество цыплёнок,1
кислотность свинина,1
индейка мясо,1
кислотность рулька,1
овощ утка,1
кебаб стружка,1
белые рулька,1
закуска трюфель,1
рак сочетание,1
гриль курочка,1
множество суши,1
бекон оленина,1
вино количество,1
блюдо нарезка,1
шпинат яблоко,1
мясо шоколад,1
карпаччо цыплёнок,1
карри спаржа,1
плесень стилтон,1
коктейль сочетание,1
барабулька закуска,1
джема фрукт,1
noval михан,1
изделие риккот,1
лимон тоник,1
артишок блюдо,1
маракуйя стружка,1
сыр тост,1
моллюск тартар,1
блюдо груша,1
сочетание спаржа,1
рецепт тартар,1
лёгкое сухофрукты,1
множество тапас,1
пряность ягнёнок,1
колбаса число,1
блюдо крыжовник,1
лосось суп,1
барабулька салат,1
карри сопровождение,1
петух трюфель,1
аперитив дижестив,1
кухня шукрут,1
риккот сочетание,1
рыба стир,1
бел сладкое,1
condrieu молоко,1
выдержка филе,1
качество творог,1
гриль шукрут,1
блюдо борщ,1
бекон соус,1
петух ягнёнок,1
кебаб сопровождение,1
крыжовник перец,1
можжевельник цыплёнок,1
лосось холодное,1
пара яблоко,1
королевск свинина,1
кухня молодая,1
ризотто салями,1
антрекот карпаччо,1
качество стейка,1
сыр томат,1
ростбиф сочетание,1
колбаса чоризо,1
салями тунец,1
голень магра,1
михан состав,1
блюдо моцарелла,1
рыба спагетти,1
аперитив сироп,1
аперитив коктейль,1
дополнение спаржа,1
мороженое печение,1
риккот сладость,1
борщ соус,1
стейками тунец,1
карбонар мясо,1
карри мороженое,1
лобстер овощ,1
гусь утка,1
бри мясо,1
пирог плесень,1
дополнение краб,1
вид соус,1
курица улитка,1
краб кухня,1
заяц свинина,1
закуска свинина,1
лапка сыр,1
noval вид,1
карри сироп,1
петух утка,1
мясо паппарделла,1
паэлье фрая,1
оленина прожарка,1
ризотто томат,1
кислотность эльзас,1
говядина кислотность,1
качество колбаса,1
конфи соус,1
соус цезарь,1
королевск крыжовник,1
кислотность суши,1
васаби утка,1
veau овощ,1
дыня сочетание,1
паста устрица,1
рыба стейками,1
гарнир гриль,1
изделие сочетание,1
блюдо магра,1
гриль рислинг,1
суп хамон,1
пиццой соус,1
суши эльзас,1
сочетание трава,1
гриб терияк,1
колбаса ягнёнок,1
дополнение плесень,1
кухня хвост,1
сорт томат,1
птица фрукт,1
black noval,1
миксолог состав,1
вечер пирог,1
манго стружка,1
вино перец,1
котлета рыба,1
апельсин вино,1
качество улитка,1
жаркое кролик,1
альянико сорт,1
бефсторган перепёлка,1
лосось фрукт,1
гра пирожное,1
гуляш тунец,1
манго мороженое,1
моцарелла мясо,1
мясо улитка,1
плесень сопровождение,1
десерт риккот,1
basquaise овощ,1
дыня сыр,1
пармезан рыба,1
мор соус,1
карпаччо паста,1
груша мясо,1
икра ризотто,1
закуска тартар,1
морепродукт хамон,1
устрица филе,1
вырезка гриль,1
basquaise соус,1
рислинг свинина,1
индейка маракуйя,1
блюдо почка,1
курица помидор,1
гриб трюфель,1
стейка шедевр,1
моллюск пирог,1
морепродукт моцарелла,1
косточка сочетание,1
poulet сельдь,1
карри маракуйя,1
бел спаржа,1
карпаччо холодное,1
общение шоколад,1
десерт шафран,1
апельсин артишок,1
блюдо васаби,1
качество порт,1
карри кебаб,1
тест фрукт,1
bourguignonne гриль,1
овощ свинина,1
рагу тунец,1
порт сопровождение,1
сочетание терияк,1
индейка мороженое,1
егерьск соус,1
пара тунец,1
заяц оленина,1
тунец чорисо,1
аперитив шоколад,1
bourguignonne соус,1
карпаччо салат,1
паштет сочетание,1
закуска тара,1
рататуй утка,1
вино порт,1
rigotte лобстер,1
вок курица,1
basquaise курочка,1
гриль трюфель,1
гребешок краб,1
баклажан ягнёнок,1
лещ лосось,1
лещ сыр,1
апельсин креветка,1
егерьск королевск,1
рислинг рулька,1
карри яблоко,1
белых грибов,1
заяц перец,1
мясо фрукт,1
морепродукт шейк,1
карри кухня,1
выдержка розмарин,1
свинин шашлык,1
бланманже вечер,1
печение сопровождение,1
почка соус,1
вино люба,1
бланкетта гриль,1
вид шоколад,1
композиция сыр,1
котлета сорт,1
сопровождение хамон,1
михан сопровождение,1
терияк фазан,1
вид морепродукт,1
гриль хвост,1
барабулька лосось,1
black отдых,1
сикс сыр,1
лангустин морепродукт,1
кухня тунец,1
кислотность пирог,1
риккот холодное,1
аперитив артишок,1
выпечка шафран,1
вырезка карпаччо,1
карри соус,1
баранина прожарка,1
десерт изделие,1
кислотность тартар,1
миксолог сочетание,1
гра террина,1
белые каперс,1
курочка телятина,1
сироп шарик,1
noval шоколад,1
спаржа шницель,1
курица мидия,1
долме лагмана,1
основа сибас,1
вино сибас,1
ризотто суши,1
закуска медитация,1
грудка курочка,1
джим общение,1
сыр температура,1
рислинг соус,1
blanquette сыр,1
паста спаржа,1
салат стир,1
десерт суфле,1
дополнение стейка,1
егерьск оленина,1
строгановск ягнёнок,1
закуска кислотность,1
noval джим,1
пекорино ягнёнок,1
курочка мясо,1
салями томат,1
краб молоко,1
груша заяц,1
свинина сопровождение,1
гра холодное,1
овощ паэлье,1
гриль основа,1
колбаса свинина,1
poulet рататуй,1
закуска порт,1
говядина лисичка,1
джема фуа,1
морепродукт стир,1
вид лёгкое,1
гарнир овощ,1
горшочек жюльеном,1
баранина кебаб,1
специя ягнёнок,1
десерт пирожное,1
великое грудинка,1
грудинка ягнёнок,1
изюм телятина,1
стейками телятина,1
пирог шукрут,1
блюдо паэлье,1
количество мясо,1
можжевельник телятина,1
кебаб хвост,1
коктейль состав,1
сочетание шницель,1
брускетта сочетание,1
лосось треск,1
печение сыр,1
cuisine кухня,1
большинство качество,1
кухня шпинат,1
оливка тапенад,1
морепродукт приправа,1
жаркое хамон,1
карпаччо суши,1
соус терияк,1
дичь печень,1
количество птица,1
пирог эльзас,1
аперитив шницель,1
нарезка соус,1
колбаса эльзас,1
рислинг рыба,1
гриб свинин,1
белые число,1
масло салями,1
пирог тунец,1
коктейль михан,1
гриль рак,1
стружка шарик,1
дар сочетание,1
котлета сыр,1
спагетти суп,1
выдержка карбонар,1
горячее свинин,1
мясо стейк,1
отдых шоколад,1
аперитив плесень,1
сочетание тест,1
мидия тартар,1
дижестив лёд,1
гриль сувлак,1
закуска трапеза,1
сочетание стилтон,1
аперитив риккот,1
каперс морепродукт,1
вино краб,1
аккомпанемент фрая,1
закуска паэлье,1
бланкетта курочка,1
лосось масло,1
лобстер сыр,1
пара сладкое,1
десерт число,1
black вид,1
соус фрая,1
condrieu краб,1
дополнение паста,1
кислотность колбаса,1
рулька суши,1
овощ сопровождение,1
свинина шейк,1
груша дичь,1
окончание портвейн,1
улитка шукрут,1
мясо сувлак,1
сибас соус,1
мир мясо,1
блюдо бри,1
кухня яблоко,1
индейка манго,1
моллюск моцарелла,1
овощ сельдь,1
выпечка птица,1
закуска чеснок,1
основа холодное,1
десерт трава,1
лобстер мор,1
горький гриль,1
тара холодное,1
суши тунец,1
долька тоник,1
конфи сопровождение,1
свинин тапенад,1
перец число,1
кебаб креветка,1
мясо черта,1
сыр чоризо,1
bufala моллюск,1
кролик лазание,1
блюдо каперс,1
стейками хвост,1
бисквит клубника,1
жаркое компаньон,1
сорт тунец,1
анчоус качество,1
блюдо шницель,1
закуска сибас,1
михан сочетание,1
кляр мясо,1
салат трапеза,1
дичь чоризо,1
вариант дичь,1
аперитив лёд,1
салат цезарь,1
белых блюдо,1
блюдо егерьск,1
гриль лобстер,1
вырезка грудка,1
лосось томат,1
состав шоколад,1
суп телятина,1
креветка пирог,1
компаньон салями,1
компаньон ягнёнок,1
барабулька карпаччо,1
качество фрая,1
аперитив кролик,1
ассорти паста,1
рулька шейк,1
гриль можжевельник,1
сопровождение стейка,1
груша качество,1
кухня моллюск,1
морепродукт сёмга,1
плесень утка,1
анчоус сыр,1
лосось салями,1
индейка карри,1
маракуйя мороженое,1
гриб котлета,1
аперитив маракуйя,1
блюдо долме,1
морепродукт чеснок,1
блюдо рататуй,1
колбаса улитка,1
мороженое сыр,1
качество конт,1
закуска стейкома,1
basquaise сыр,1
ризотто стейк,1
блюдо шарик,1
мясо паэлье,1
артишок соус,1
poulet бланкетта,1
розмарин телятина,1
гриб овощ,1
кефаль морепродукт,1
множество рыба,1
бекон блюдо,1
стейкома трюфель,1
mozzarella морепродукт,1
гра закуска,1
десерт холодное,1
морепродукт сибас,1
noval сочетание,1
гра салат,1
начинка рыба,1
сыр черта,1
гарнир сыр,1
пирог ризотто,1
грибов соус,1
молодая холодное,1
дар мясо,1
кебаб шарик,1
порт тоник,1
мясо хвост,1
мороженое плесень,1
масло сибас,1
бланманже качество,1
вечер десерт,1
poulet блюдо,1
кальмар рулька,1
брускетта треск,1
морепродукт эльзас,1
баранина сувлак,1
дичь презунто,1
дополнение устрица,1
гриб сорт,1
bufala вид,1
лангустин салат,1
морепродукт рак,1
бри трюфель,1
basquaise veau,1
петух телятина,1
карпаччо лёгкое,1
закуска пиццой,1
манго сопровождение,1
брускетта салями,1
дичь фрукт,1
дополнение кефаль,1
десерт мороженое,1
горький дичь,1
террина фуа,1
poulet гриль,1
антрекот голень,1
моллюск салат,1
качество суши,1
овощ филе,1
blanquette телятина,1
рыба тапас,1
выждержка говядина,1
морепродукт рис,1
пара шпинат,1
масло основа,1
дичь спаржа,1
большинство сопровождение,1
креветка стружка,1
мороженое пирог,1
баранина бефстроганов,1
десерт лёд,1
кухня сувлак,1
сыр тартар,1
гриб чеддер,1
артишок лосось,1
баранина стейка,1
рыба трапеза,1
десерт соус,1
васаби пряность,1
мясо пикник,1
вариант мясо,1
белые улитка,1
дополнение карри,1
конфи утка,1
порт рыба,1
лазание сыр,1
изюм филе,1
стилтон сыр,1
veau курочка,1
кабанчик кухня,1
васаби фазан,1
баранина число,1
ананас аперитив,1
блюдо котлета,1
грудка кухня,1
вид коктейль,1
соус шафран,1
коктейль миксолог,1
сыр творог,1
печень утка,1
вид состав,1
кислотность шейк,1
cuisine рислинг,1
пряность трава,1
мясо шпинат,1
basquaise блюдо,1
рыба хамон,1
специя стейками,1
морепродукт филе,1
бри рыба,1
bourguignonne тунец,1
гриль кислотность,1
дичь паштет,1
зайчатина оленина,1
оленина рёбрышко,1
сыр тоник,1
утка фрукт,1
егерьск чернослив,1
гриб ягнёнок,1
дар соус,1
томат треск,1
кролик магра,1
лазание паста,1
баранина вид,1
риккот трава,1
rigotte овощ,1
мясо строгановск,1
соус стир,1
дичь шоколад,1
veau утка,1
bufala морепродукт,1
чоризо ягнёнок,1
температура холодное,1
гриль оливка,1
выдержка перепёлка,1
десерт штрудель,1
бланкетта утка,1
гра плесень,1
морепродукт спагетти,1
большинство морепродукт,1
бефстроганов выдержка,1
манго шарик,1
тип хамон,1
закуска моллюск,1
соус тара,1
black общение,1
сочетание чорисо,1
моллюск паста,1
колбаса хамон,1
кислотность паста,1
аперитив стейкома,1
прожарка рёбрышко,1
ассорти пара,1
бефсторган кролик,1
лосось тост,1
качество сёмга,1
колбаса рыба,1
морепродукт рецепт,1
дар лобстер,1
композиция морепродукт,1
блюдо маракуйя,1
вечер фуа,1
дичь лосось,1
салями сочетание,1
паста ягнятина,1
аперитив карп,1
горячее гра,1
маракуйя яблоко,1
миксолог шоколад,1
сопровождение шедевр,1
горшочек мясо,1
индейка стейками,1
бекон егерьск,1
пара утка,1
mozzarella моллюск,1
кролик сочетание,1
индейка яблоко,1
овощ стейками,1
печень сухофрукты,1
морепродукт салями,1
баклажан строгановск,1
вид рагу,1
выпечка клубника,1
брускетта лосось,1
мороженое филе,1
индейка стружка,1
апельсин соус,1
mozzarella блюдо,1
кляр рулька,1
пирог тест,1
скат шпинат,1
салат чеснок,1
нарезка сыр,1
блюдо фасоль,1
икра суп,1
аперитив помидор,1
печень сочетание,1
сочетание тартар,1
говядина число,1
карри филе,1
риккот фрукт,1
бланкетта рататуй,1
дичь щука,1
овощ рататуй,1
блюдо королевск,1
дыня свинина,1
haute рислинг,1
ассорти молодая,1
егерьск перец,1
выдержка гра,1
rigotte сыр,1
рулька салат,1
отдых сочетание,1
клубника фрукт,1
лещ ризотто,1
veau кухня,1
ростбиф холодное,1
помидор салат,1
закуска мидия,1
моллюск сопровождение,1
кефаль рыба,1
мороженое яблоко,1
пицца суп,1
рататуй телятина,1
конфи курица,1
вид гриль,1
масло тунец,1
конфи паста,1
poulet телятина,1
стир фрая,1
джим отдых,1
состав сочетание,1
mozzarella сыр,1
кислотность холодное,1
десерт закуска,1
портвейн сикс,1
брускетта тунец,1
количество пицца,1
колбаска птица,1
брускетта сорт,1
бефстроганоф сыр,1
белые дар,1
качество стир,1
артишок вино,1
бланкетта кухня,1
пряность терияк,1
блюдо цезарь,1
артишок креветка,1
блюдо тапас,1
вариант сыр,1
жаркое презунто,1
графенберг качество,1
антрекот кролик,1
блюдо выпечка,1
дичь каперс,1
стейка ягнёнок,1
poulet утка,1
белые щука,1
блюдо строгановск,1
клубника сыр,1
горячее основа,1
баранина хвост,1
сальсоя утка,1
дичь зайчатина,1
кролик рулет,1
пирог шейк,1
вырезка тунец,1
салат фрая,1
говядина тартар,1
крыжовник чернослив,1
сувлак хвост,1
джим сопровождение,1
вино орех,1
масло сорт,1
blanquette соус,1
blanquette овощ,1
икра лосось,1
белых оленина,1
мясо оливка,1
паштет тост,1
блюдо сироп,1
лобстер фуа,1
noval состав,1
basquaise кухня,1
вино горький,1
сёмга тартар,1
молоко сыр,1
аперитив лимон,1
большинство мясо,1
вино коктейль,1
дичь тип,1
изделие качество,1
можжевельник сибас,1
карри качество,1
кислотность сопровождение,1
почка ягнятина,1
соус шукрут,1
блюдо треск,1
blanquette сельдь,1
сироп стружка,1
black сочетание,1
спаржа устрица,1
вырезка соус,1
карпаччо стейками,1
ассорти салат,1
бри курица,1
большинство птица,1
выждержка сыр,1
коктейль общение,1
кухня рецепт,1
овощ рёбрышко,1
температура фрукт,1
закуска тоник,1
кебаб яблоко,1
сёмга фрукт,1
презунто сыр,1
морепродукт паштет,1
паста сладкое,1
белые сёмга,1
колбаса тип,1
изделие творог,1
гриль паэлье,1
груша кухня,1
икра лещ,1
масло ризотто,1
артишок дичь,1
гриль фрая,1
пара паэлье,1
нарезка сочетание,1
вырезка тара,1
птица суши,1
джим шоколад,1
poulet рыба,1
конфи пирог,1
кляр пирог,1
барабулька грудка,1
лука пара,1
аккомпанемент паэлье,1
морепродукт пармезан,1
вино лангустин,1
окончание трапеза,1
сладость сыр,1
альянико птица,1
кухня стейк,1
вино грудинка,1
кислотность кухня,1
сладость температура,1
кебаб стейками,1
выдержка основа,1
курица пирог,1
выпечка черта,1
мясо рулет,1
салат число,1
кухня лангустин,1
барбекю свинина,1
вид ростбиф,1
basquaise утка,1
каперс соус,1
тара тунец,1
свинина спаржа,1
ассорти морепродукт,1
карри шарик,1
bourguignonne рыба,1
птица тунец,1
дыня кухня,1
кислотность пицца,1
борщ выждержка,1
суши улитка,1
сироп филе,1
лобстер устрица,1
салат томат,1
большинство рыба,1
морепродукт тост,1
основа сыр,1
выпечка люба,1
основа фуа,1
аккомпанемент рыба,1
вид горячее,1
блюдо множество,1
креветка филе,1
карпаччо тара,1
манго сироп,1
вок морепродукт,1
компаньон кухня,1
соус шпинат,1
белые пирог,1
рак утка,1
сладость творог,1
васаби гриб,1
морепродукт плесень,1
креветка сопровождение,1
десерт творог,1
молоко овощ,1
молоко рыба,1
грейпс десерт,1
джим миксолог,1
говядина паштет,1
гриб дополнение,1
блюдо лука,1
пирог улитка,1
прожарка тара,1
закуска томат,1
закуска свинин,1
пара сорт,1
салат сибас,1
blanquette veau,1
курица хамон,1
кислотность рыба,1
бекон перец,1
гусь мясо,1
кухня мидия,1
бисквит фрукт,1
лосось паста,1
кухня пара,1
пармезан сыр,1
аперитив кефаль,1
индейка сочетание,1
вино чорисо,1
каперс фрукт,1
сопровождение шарик,1
паста улитка,1
кухня магра,1
компаньон морепродукт,1
маракуйя шарик,1
десерт окончание,1
гриб фазан,1
veau гриль,1
индейка кебаб,1
мясо яблоко,1
кислотность рислинг,1
изделие холодное,1
дичь шедевр,1
гриб качество,1
лосось терияк,1
михан отдых,1
каперс ризотто,1
артишок мясо,1
котлета чеддер,1
пицца свинина,1
креветка плесень,1
горячее индейка,1
кролик трюфель,1
гриль тапенад,1
выпечка качество,1
качество рислинг,1
брускетта паста,1
блюдо лагмана,1
сопровождение тоник,1
орех пирог,1
рислинг суши,1
королевск оленина,1
poulet сыр,1
карпаччо основа,1
сочетание творог,1
овощ перец,1
black шоколад,1
гриль чоризо,1
лосось сибас,1
суши шукрут,1
соус хамон,1
аперитив творог,1
мороженое стружка,1
бланкетта сельдь,1
паэлье пирог,1
poulet овощ,1
блюдо презунто,1
баранина белые,1
изюм ягнёнок,1
гриль кебаб,1
барашек соус,1
баранина рёбрышко,1
гусь ягнёнок,1
аперитив сладость,1
вечер груша,1
креветка манго,1
десерт печень,1
соус стейк,1
качество тест,1
морепродукт томат,1
карбонар колбаса,1
баранина дополнение,1
карри креветка,1
вино кабан,1
миксолог общение,1
заяц крыжовник,1
мясо чоризо,1
блюдо помидор,1
пирог суши,1
барбекю карри,1
блюдо вид,1
блюдо чеддер,1
пирожное фуа,1
вино тоник,1
трава фрукт,1
миксолог михан,1
мясо скат,1
перец свинина,1
вино тартар,1
качество лимон,1
жюльеном мясо,1
выдержка цыплёнок,1
сочетание стейкома,1
окончание сопровождение,1
терияк утка,1
ананас кебаб,1
кебаб сироп,1
креветка шарик,1
курочка сыр,1
бел пармезан,1
блюдо кефаль,1
апельсин лосось,1
аккомпанемент овощ,1
выдержка суши,1
графенберг медитация,1
закуска тапас,1
карпаччо ягнёнок,1
ассорти закуска,1
грудка яблоко,1
креветка мороженое,1
паста пиццой,1
оленина перец,1
качество свинина,1
качество паэлье,1
мидия спагетти,1
карри стружка,1
фрукт холодное,1
колбаса морепродукт,1
лосось сорт,1
десерт крем,1
миксолог отдых,1
кролик перепёлка,1
гриль масло,1
ростбиф салат,1
масло можжевельник,1
гриль стир,1
птица трапеза,1
портвейн сопровождение,1
вид сопровождение,1
вино лисичка,1
закуска изделие,1
утка фазан,1
морепродукт фрукт,1
колбаса сопровождение,1
blanquette рыба,1
паста цезарь,1
зайчатина сыр,1
паста чеддер,1
голень кролик,1
рататуй рыба,1
выдержка паппарделла,1
бефсторган рагу,1
блюдо конфи,1
аперитив хамон,1
кухня улитка,1
салями сорт,1
вид рыба,1
говядина пицца,1
рислинг шейк,1
пармезан пекорино,1
сироп яблоко,1
блюдо вок,1
бургиньон соус,1
горячее ростбиф,1
изделие трава,1
сопровождение тартар,1
сопровождение состав,1
сорт треск,1
жаркое рулет,1
пикник ягнятина,1
сорт соус,1
ризотто сорт,1
тартар фрукт,1
курица тунец,1
люба соус,1
гриль рис,1
лосось паштет,1
заяц королевск,1
блюдо чорисо,1
грудка тара,1
бекон чернослив,1
карп качество,1
noval коктейль,1
вид михан,1
рыба фрая,1
белые колбаска,1
стейкома филе,1
black миксолог,1
шарик яблоко,1
дичь компаньон,1
блюдо мороженое,1
бургиньон рыба,1
кляр салат,1
специя хвост,1
дичь рис,1
дыня птица,1
печение сочетание,1
рак рыба,1
дичь цыплёнок,1
перепёлка рагу,1
скат яблоко,1
белые тартар,1
гриль пряность,1
кебаб специя,1
салат тост,1
гриль шоколад,1
condrieu овощ,1
паштет рагу,1
блюдо брускетта,1
сибас холодное,1
закуска стинк,1
курочка скат,1
молодая сладкое,1
ананас филе,1
блюдо черта,1
ризотто тартар,1
перец чернослив,1
рыба яблоко,1
перец телятина,1
гуляш курица,1
блюдо композиция,1
гриб косточка,1
дыня сопровождение,1
соус томат,1
салат улитка,1
кальмар пирог,1
кислотность сыр,1
выждержка закуска,1
пирог свинин,1
пицца ризотто,1
дыня сладкое,1
печень пирог,1
лёгкое томат,1
аперитив улитка,1
суп цыплёнок,1
печень сопровождение,1
оленина пара,1
выдержка молодая,1
портвейн сыр,1
манго филе,1
долька лимон,1
индейка сопровождение,1
дополнение суп,1
моллюск рецепт,1
пекорино птица,1
свинина шукрут,1
вино лобстер,1
сладость холодное,1
лазание равиоли,1
говядина строгановск,1
мор мясо,1
гриль лапка,1
гра паста,1
ассорти сочетание,1
оленина пряность,1
каперс сочетание,1
сочетание томат,1
гриб жаркое,1
дополнение косточка,1
аккомпанемент морепродукт,1
выдержка кухня,1
котлета соус,1
паста цыплёнок,1
сибас телятина,1
ананас маракуйя,1
poulet курочка,1
лобстер морепродукт,1
колбаска сочетание,1
мороженое сочетание,1
гриль мир,1
миксолог сопровождение,1
рислинг шукрут,1
птица чеддер,1
вино улитка,1
качество цезарь,1
королевск утка,1
горячее рагу,1
дополнение лангустин,1
горячее курица,1
паштет террина,1
качество тунец,1
свинин ягнёнок,1
рыба скат,1
омар свинин,1
дичь сёмга,1
гриль грудка,1
манго маракуйя,1
индейка шарик,1
гра основа,1
закуска начинка,1
курица чорисо,1
оленина чернослив,1
белые мор,1
заяц кухня,1
колбаса плесень,1
рислинг эльзас,1
антрекот дичь,1
вино мир,1
фрукт шоколад,1
бри пармезан,1
сибас сопровождение,1
дичь перец,1
noval сопровождение,1
грейпс сочетание,1
начинка ризотто,1
пицца тартар,1
карпаччо сибас,1
апельсин закуска,1
black сопровождение,1
грейпс сикс,1
каперс тартар,1
курочка сельдь,1
плесень число,1
количество тартар,1
гра джема,1
трапеза цыплёнок,1
коктейль отдых,1
альянико вино,1
орех печень,1
гриль стинк,1
колбаска ягнёнок,1
крем суфле,1
лобстер молоко,1
белые рис,1
бел пряность,1
кислотность мясо,1
выдержка каре,1
паэлье стир,1
медитация рислинг,1
горький мясо,1
говядина грудка,1
рыба шпинат,1
егерьск свинина,1
бел выдержка,1
дыня соус,1
poulet кухня,1
ананас сироп,1
blanquette poulet,1
лёгкое чеснок,1
косточка молодая,1
гриль улитка,1
лёгкое тоник,1
коктейль тоник,1
брускетта томат,1
улитка цезарь,1
творог температура,1
антрекот блюдо,1
пирог утка,1
пирожное свинина,1
индейка креветка,1
стружка филе,1
блюдо сельдь,1
белые кальмар,1
вителло гриль,1
дижестив окончание,1
дополнение пикник,1
лагмана сыр,1
краб свинин,1
индейка спаржа,1
bourguignonne сыр,1
белые жаркое,1
гриль тара,1
аперитив карпаччо,1
пирог сухофрукты,1
гриб морепродукт,1
грудинка сыр,1
condrieu rigotte,1
паста томат,1
сладость сочетание,1
креветка свинина,1
соус суп,1
лапка рыба,1
качество черта,1
колбаса пирог,1
брускетта рыба,1
десерт мясо,1
колбаска мясо,1
гриль сальсоя,1
мороженое шарик,1
печение пирог,1
blanquette блюдо,1
гриб сопровождение,1
косточка печень,1
пара стейка,1
гриб шедевр,1
выпечка температура,1
горький сыр,1
кабанчик мясо,1
васаби соус,1
птица хамон,1
креветка сладкое,1
лобстер паста,1
магра трюфель,1
аперитив тест,1
дичь тартар,1
закуска количество,1
краб овощ,1
баранина паштет,1
курочка шпинат,1
артишок белые,1
кролик равиоли,1
закуска коктейль,1
антрекот магра,1
качество щука,1
закуска спагетти,1
говядина хамон,1
курочка рататуй,1
сладость фрукт,1
заяц соус,1
блюдо рецепт,1
veau телятина,1
кебаб филе,1
гриль долме,1
лещ суп,1
аперитив сёмга,1
креветка курица,1
лёгкое порт,1
закуска основа,1
соус чеснок,1
рататуй соус,1
говядина шедевр,1
творог холодное,1
специя хамон,1
blanquette бланкетта,1
veau сыр,1
компаньон птица,1
блюдо шедевр,1
сыр тип,1
апельсин салат,1
строгановск фасоль,1
выдержка жаркое,1
сельдь утка,1
изделие суп,1
карпаччо можжевельник,1
великое соус,1
сочетание сухофрукты,1
бекон утка,1
маракуйя сироп,1
масло сопровождение,1
грудка пара,1
пара телятина,1
ризотто сёмга,1
десерт сладость,1
альянико мясо,1
вид паста,1
лёгкое моллюск,1
аперитив бел,1
котлета паста,1
барбекю гриль,1
грудка тунец,1
презунто специя,1
вино косточка,1
борщ выдержка,1
сочетание сёмга,1
масло цыплёнок,1
морепродукт рислинг,1
кухня рислинг,1
кальмар кляр,1
тип ягнёнок,1
выдержка карпаччо,1
вид джим,1
сыр тест,1
баранина кухня,1
изделие ягнёнок,1
аперитив стейками,1
грудка лосось,1
лёгкое температура,1
сыр число,1
васаби стейкома,1
пряность фазан,1
паштет суши,1
люба сыр,1
mozzarella мясо,1
сыр фазан,1
свинина суши,1
большинство пара,1
масло томат,1
выдержка колбаска,1
блюдо шпинат,1
соус яблоко,1
апельсин блюдо,1
вкус жаркое,1
мир шоколад,1
птица свинин,1
соус шашлык,1
гриб печень,1
компаньон оленина,1
соус шоколад,1
дополнение лосось,1
заяц чернослив,1
выдержка лёгкое,1
сёмга щука,1
белых соус,1
вино сухофрукты,1
моцарелла сыр,1
десерт кухня,1
перец плесень,1
соус шейк,1
общение сопровождение,1
джим михан,1
суши тапас,1
ассорти вино,1
болоньеза сочетание,1
мороженое сироп,1
королевск перец,1
грудинка сопровождение,1
мясо сёмга,1
десерт трапеза,1
дижестив печень,1
лёгкое мидия,1
лука салат,1
количество сопровождение,1
перец утка,1
бланкетта телятина,1
печение плесень,1
компаньон телятина,1
вечер дижестив,1
аперитив шафран,1
кабан паппарделла,1
нарезка паста,1
сикс сочетание,1
стейкома фазан,1
птица черта,1
гриль трапеза,1
горячее медитация,1
индейка свинин,1
блюдо сувлак,1
гуляш хамон,1
колбаса салат,1
блюдо изделие,1
портвейн сочетание,1
аперитив стейка,1
кухня специя,1
black джим,1
паста специя,1
рулет сочетание,1
изделие температура,1
выдержка рёбрышко,1
рыба трюфель,1
бекон королевск,1
noval общение,1
вечер сыр,1
blanquette рататуй,1
мор сочетание,1
бефстроганов говядина,1
гра дыня,1
кабанчик сыр,1
морепродукт шукрут,1
грейпс портвейн,1
коктейль лёгкое,1
блюдо хвост,1
мир сыр,1
рецепт рыба,1
соус сёмга,1
грибов оленина,1
грейпс плесень,1
качество шафран,1
гриб лосось,1
грудка лёгкое,1
вид закуска,1
болоньеза пицца,1
говядина копчёность,1
грудка холодное,1
мидия паста,1
пирог суп,1
ананас креветка,1
пармезан паста,1
рыба тоник,1
рёбрышко стейкома,1
сочетание тоник,1
телятина филе,1
сыр харчо,1
каре свинина,1
масло треск,1
крыжовник оленина,1
рыба сельдь,1
долме сопровождение,1
качество кролик,1
колбаса шукрут,1
блюдо гарнир,1
качество сладкое,1
грудка шпинат,1
выдержка нарезка,1
лобстер утка,1
condrieu рыба,1
бланкетта рыба,1
гриль тунец,1
качество мор,1
бекон крыжовник,1
veau сельдь,1
basquaise бланкетта,1
стружка яблоко,1
лисичка оленина,1
карри фрукт,1
закуска филе,1
дижестив температура,1
белые гарнир,1
барабулька сыр,1
вырезка говядина,1
качество лобстер,1
десерт джема,1
васаби лосось,1
бефстроганоф мясо,1
вино трапеза,1
дижестив трапеза,1
бри соус,1
джим коктейль,1
трава холодное,1
rigotte краб,1
лука лёгкое,1
основа сопровождение,1
качество риккот,1
сопровождение яблоко,1
королевск чернослив,1
васаби сочетание,1
вид отдых,1
креветка яблоко,1
дополнение молодая,1
барашек перец,1
баклажан фасоль,1
манго яблоко,1
mozzarella рыба,1
грудка пицца,1
вариант презунто,1
гриль рулет,1
белые суши,1
коктейль порт,1
бел качество,1
выдержка горячее,1
мясо фасоль,1
свинина фрукт,1
бефстроганоф закуска,1
рыба стейкома,1
тартар холодное,1
молодая пирожное,1
black состав,1
колбаса суши,1
бефстроганоф гриль,1
джема сыр,1
салат фуа,1
соус число,1
аперитив долька,1
ананас индейка,1
михан общение,1
бел молодая,1
кухня шейк,1
можжевельник основа,1
качество сладость,1
филе шарик,1
мясо шафран,1
дижестив портвейн,1
использование кулинария,1
bufala мясо,1
качество телятина,1
говядина нарезка,1
морепродукт трюфель,1
десерт дополнение,1
изделие кулинария,1
клубника шоколад,1
борщ свинин,1
блюдо можжевельник,1
жаркое салями,1
сладкое сочетание,1
blanquette кухня,1
количество свинина,1
сибас цыплёнок,1
помидор свинин,1
ризотто фрукт,1
сочетание хамон,1
выдержка суп,1
сочетание тунец,1
блюдо вариант,1
дар рак,1
дополнение цезарь,1
вид говядина,1
дополнение икра,1
стейка число,1
паста рёбрышко,1
выдержка ризотто,1
бекон свинина,1
белые рагу,1
каперс сёмга,1
индейка тунец,1
джим состав,1
кабан соус,1
рататуй сыр,1
гра суфле,1
дичь харчо,1
количество холодное,1
суши шейк,1
голень гриль,1
гриль множество,1
баклажан говядина,1
креветка моллюск,1
бланкетта соус,1
бланкетта сыр,1
изделие сладость,1
творог фрукт,1
ассорти лука,1
стейками ягнёнок,1
рагу специя,1
кислотность количество,1
blanquette утка,1
паштет тапас,1
дыня фуа,1
блюдо рулет,1
колбаса рислинг,1
изделие свинин,1
рататуй сельдь,1
начинка паста,1
пицца сопровождение,1
основа телятина,1
креветка лосось,1
вино паштет,1
рулька соус,1
компаньон салат,1
гра рак,1
креветка маракуйя,1
дополнение розмарин,1
дар качество,1
треск тунец,1
мясо стир,1
аперитив черта,1
закуска фуа,1
гуляш чорисо,1
рагу ростбиф,1
говядина розмарин,1
кебаб мясо,1
краб устрица,1
дополнение кролик,1
кухня рулька,1
выдержка печень,1
бел гребешок,1
паста равиоли,1
аперитив порт,1
белые фрукт,1
бри гриль,1
rigotte молоко,1
ростбиф соус,1
блюдо терияк,1
блюдо фрая,1
спаржа цезарь,1
оленина специя,1
барбекю молодая,1
паста рак,1
сопровождение стружка,1
анчоус аперитив,1
сыр шафран,1
кухня тартар,1
говядина количество,1
лёгкое спагетти,1
риккот сыр,1
блюдо шафран,1
пряность стейкома,1
mozzarella вид,1
рыба шафран,1
вырезка закуска,1
графенберг рислинг,1
индейка карпаччо,1
антрекот трюфель,1
отдых сопровождение,1
долме сыр,1
брюла десерт,1
основа рыба,1
вино лука,1
качество композиция,1
выдержка фуа,1
ризотто треск,1
вид моцарелла,1
аперитив гриб,1
кухня нарезка,1
отдых состав,1
basquaise сельдь,1
соус фрукт,1
basquaise телятина,1
прожарка трюфель,1
артишок закуска,1
гриб рулет,1
лосось фазан,1
кебаб сувлак,1
масло паста,1
ростбиф сыр,1
соус чеддер,1
бургиньон сыр,1
паштет салат,1
вино лещ,1
лагмана сопровождение,1
гриль сельдь,1
гусь пара,1
пирог ягнёнок,1
лука тунец,1
poulet veau,1
паста треск,1
кухня фрукт,1
рагу холодное,1
соус эльзас,1
общение сочетание,1
начинка пирог,1
пицца свинин,1
филе яблоко,1
гриб стейкома,1
лосось филе,1
паста рецепт,1
суфле фуа,1
белых дичь,1
пирог рислинг,1
закуска множество,1
курочка утка,1
плесень портвейн,1
баранина копчёность,1
болоньеза суп,1
пирожное соус,1
сельдь соус,1
black коктейль,1
карпаччо лосось,1
оливка свинин,1
рыба сибас,1
артишок спаржа,1
бефсторган выдержка,1
black михан,1
бел устрица,1
морепродукт основа,1
карпаччо магра,1
крыжовник утка,1
краб лобстер,1
грейпс сыр,1
гра лобстер,1
гриль сибас,1
рыба стейка,1
veau бланкетта,1
аперитив щука,1
бел грудка,1
колбаса утка,1
овощ стир,1
мясо фрая,1
закуска суши,1
вечер качество,1
курица трюфель,1
рыба треск,1
паста фуа,1
крыжовник свинина,1
креветка сироп,1
мясо презунто,1
вино графенберг,1
bufala рыба,1
бел перец,1
ананас сопровождение,1
качество плесень,1
вино суши,1
блюдо рак,1
аперитив мор,1
улитка шейк,1
артишок холодное,1
карри манго,1
стейкома терияк,1
множество паштет,1
специя сувлак,1
дичь салями,1
вителло закуска,1
гарнир мясо,1
антрекот кухня,1
морепродукт фрая,1
креветка кухня,1
жаркое сочетание,1
пара чеддер,1
лёгкое трапеза,1
кухня скат,1
ассорти пирог,1
белые свинина,1
колбаса шейк,1
анчоус салат,1
выпечка мясо,1
жаркое специя,1
вино пармезан,1
сорт сочетание,1
аккомпанемент стир,1
гриб оленина,1
вино зайчатина,1
карпаччо кролик,1
морепродукт улитка,1
свинина стейкома,1
blanquette гриль,1
котлета птица,1
температура трава,1
блюдо ростбиф,1
вино сорт,1
выпечка лёд,1
карри цезарь,1
брускетта масло,1
сыр тарелка,1
basquaise poulet,1
бефстроганоф выдержка,1
шейк эльзас,1
аперитив лобстер,1
карри сладкое,1
каперс рыба,1
основа цыплёнок,1
кебаб кухня,1
гриль тапас,1
брюла суфле,1
гриль рататуй,1
рис салат,1
дичь магра,1
соус черта,1
мясо почка,1
томат чеснок,1
rigotte рыба,1
масло телятина,1
сыр устрица,1
блюдо стружка,1
бефстроганов соус,1
пирог свинина,1
качество краб,1
можжевельник сопровождение,1
свинина улитка,1
грудка скат,1
овощ фрая,1
фуа холодное,1
свинин сладкое,1
дичь пирог,1
сельдь сыр,1
сочетание треск,1
кухня пицца,1
изделие фрукт,1
noval миксолог,1
количество соус,1
салями соус,1
джим сочетание,1
карпаччо качество,1
рислинг улитка,1
бел пара,1
долька качество,1
горшочек рагу,1
индейка сироп,1
рулет сыр,1
помидор сочетание,1
баранина перец,1
закуска оленина,1
пара скат,1
пирог фрукт,1
кислотность морепродукт,1
пикник салат,1
перец трава,1
великое сыр,1
порт сыр,1
телятина шашлык,1
гарнир дичь,1
риккот творог,1
трава хамон,1
белые цыплёнок,1
изделие пирог,1
курочка пара,1
жюльеном рагу,1
basquaise blanquette,1
сочетание фазан,1
блюдо зайчатина,1
карпаччо стейкома,1
прожарка тунец,1
рулька улитка,1
паппарделла цыплёнок,1
дичь курица,1
егерьск заяц,1
креветка паста,1
кролик хамон,1
изюм овощ,1
артишок сибас,1
аперитив композиция,1
кухня рак,1
стейками сувлак,1
тунец холодное,1
мидия суп,1
дополнение улитка,1
бланкетта овощ,1
вид миксолог,1
мор рак,1
приправа сочетание,1
сыр чеснок,1
начинка салат,1
тунец хамон,1
белые гриб,1
дижестив мороженое,1
blanquette курочка,1
вино салями,1
мидия моллюск,1
нарезка овощ,1
маракуйя филе,1
гриль пармезан,1
масло морепродукт,1
кухня рататуй,1
стейкома утка,1
курочка яблоко,1
вечер гра,1
блюдо грудка,1
риккот температура,1
ананас яблоко,1
аперитив телятина,1
лука пирог,1
лёгкое начинка,1
карри улитка,1
скат соус,1
veau рататуй,1
ананас манго,1
свинина шницель,1
кухня сельдь,1
индейка филе,1
выдержка хамон,1
михан шоколад,1
брускетта ризотто,1
сорт чеддер,1
паэлье соус,1
блюдо стир,1
люба шоколад,1
пирожное сладкое,1
вид качество,1
гриль рулька,1
veau соус,1
котлета пара,1
карп щука,1
кислотность шукрут,1
томат тунец,1
птица сладкое,1
колбаса паштет,1
тип чоризо,1
улитка эльзас,1
вино шейк,1
морепродукт начинка,1
долька сочетание,1
haut кухня,1
блюдо кабанчик,1
заяц утка,1
ризотто тунец,1
закуска колбаса,1
ананас мороженое,1
индейка шницель,1
карпаччо почка,1
салат штрудель,1
bufala сыр,1
паэлье салат,1
плесень фрукт,1
ананас карри,1
плесень сладкое,1
лапка соус,1
выждержка соус,1
курочка овощ,1
коктейль шоколад,1
выдержка изюм,1
вино печень,1
бланкетта блюдо,1
апельсин сибас,1
вино стейк,1
мясо рулька,1
плесень сикс,1
bufala блюдо,1
грудинка тунец,1
закуска прожарка,1
дичь мир,1
вырезка холодное,1
аперитив яблоко,1
лука птица,1
королевск соус,1
количество сыр,1
вариант специя,1
мясо тапенад,1
фасоль ягнёнок,1
рулька свинина,1
птица число,1
аперитив лука,1
карбонар сыр,1
гриль лагмана,1
кальмар мясо,1
рыба чеддер,1
гриль карбонар,1
утка чернослив,1
лимон сочетание,1
вид холодное,1
лисичка пара,1
презунто хамон,1
егерьск утка,1
карри сыр,1
аперитив кебаб,1
блюдо мидия,1
лёд температура,1
крыжовник соус,1
креветка сибас,1
кебаб мороженое,1
барабулька лёгкое,1
капуста кулебяка,2
косточка свинина,2
паштет фуа,2
грудка салат,2
закуска стейка,2
лука течение,2
медитация морепродукт,2
паштет сорт,2
время паста,2
аперитив тунец,2
выдержка гриб,2
седло ягнёнок,2
лазание рыба,2
овощ салями,2
аперитив ассорти,2
вино дыня,2
паэлье рыба,2
паста утка,2
блюдо кислотность,2
гриль приправа,2
блюдо масло,2
блюдо сэн,2
мидия мясо,2
имбирь сыр,2
чернослив ягенкома,2
говядина каре,2
молодая ягнёнок,2
паста стракотто,2
говядина жульен,2
качество пара,2
вид мясо,2
вырезка мясо,2
сладкое тунец,2
молодая салями,2
колбаса холодное,2
рикотт трубочка,2
пирожное сыр,2
осьминог рыба,2
горгонзол мясо,2
брюла телятина,2
десерт рикотт,2
бургиньон тунец,2
грудка пряность,2
вино молодая,2
блюдо основа,2
икра рыба,2
сыр цедра,2
сочетание форель,2
лангуст сопровождение,2
бофора сыр,2
говядина ягенкома,2
caberlo ossibuchi,2
лазание томат,2
барбекю дополнение,2
блюдо крем,2
bottarga фрукт,2
карпаччо ризотто,2
пудинг сухофрукты,2
выпечка тунец,2
вырезка эльзас,2
курица мёд,2
мясо сэн,2
карпаччо курица,2
гриль осьминог,2
bourguignonne блюдо,2
гра рикотт,2
курица телятина,2
колбаса перец,2
кухня мюнстер,2
говядина ризотто,2
жульен стейк,2
карпаччо телятина,2
кальмар креветка,2
крем сопровождение,2
ризотто салат,2
дичь молодая,2
bufala качество,2
ветчина запеканка,2
орех сигара,2
лука рыба,2
ветчина стейка,2
колбаска осетрина,2
колбаска пирог,2
крем салат,2
говядина салями,2
говядина колбаса,2
краб крем,2
бисквит выпечка,2
колбаса стейка,2
телятина тунец,2
жюльеном сыр,2
ветчина выдержка,2
кровь стейка,2
дичь образец,2
мясо образец,2
майоран мясо,2
кровь свинин,2
капуста кухня,2
майоран сыр,2
салями стракотто,2
мясо тосканск,2
аперитив сладкое,2
quintarelli амарон,2
цыплёнок эльзас,2
говядина кухня,2
говядина тосканск,2
плесень свинина,2
рыба щука,2
кулебяка солянка,2
ассорти лёгкое,2
аперитив вечеринка,2
говядина рыба,2
вырезка рыба,2
bufala mozzarella,2
аперитив карри,2
говядина ягнятина,2
вкус приправа,2
время приправа,2
блюдо сибасс,2
овощ течение,2
рикотт фуа,2
птица рагу,2
барбекю паста,2
лёгкое спаржа,2
закуска ризотто,2
большинство холодное,2
большинство горячее,2
блюдо боб,2
перец ягнёнок,2
бисквит сыр,2
бефстроганов ягнёнок,2
пирог солянка,2
говядина стинк,2
бисквит шоколад,2
печень рыба,2
гриль тосканск,2
стейкома устрица,2
брюла сопровождение,2
качество креветка,2
орешек сухофрукты,2
лосось устрица,2
баранина стейкома,2
выпечка соус,2
блюдо майоран,2
гуляш мясо,2
курочка кухня,2
капуста пирог,2
блюдо мюнстер,2
сыр часть,2
жюльеном рыба,2
вителло ягнятина,2
bottarga тунец,2
аперитив филе,2
говядина ростбиф,2
caberlo колбаса,2
лосось эльзас,2
пряность специя,2
стракотто тосканск,2
прожарка телятина,2
выпечка лёгкое,2
лука приправа,2
морепродукт тартар,2
птица фуа,2
курица розмарин,2
гребешок конт,2
мороженое сопровождение,2
капуста колбаска,2
сопровождение холодное,2
аккомпанемент холодное,2
вино выдержка,2
лука стракотто,2
блюдо фазан,2
сыр чорисо,2
овощ стейкома,2
птица трава,2
стейка утка,2
бел закуска,2
дополнение осьминог,2
говядина кровь,2
bottarga икра,2
икра тунец,2
лёгкое пара,2
фрукт цедра,2
горгонзол дичь,2
белые молодая,2
паста тосканск,2
большинство колбаса,2
гриль гуляш,2
гуляш специя,2
закуска фрукт,2
бофора прожарка,2
время говядина,2
вырезка майоран,2
птица ягнёнок,2
карпаччо рагу,2
салат цыплёнок,2
блюдо кабан,2
сыр трубочка,2
индейка цыплёнок,2
свинина ягенкома,2
молодая ризотто,2
косточка ягенкома,2
вид сочетание,2
бел телятина,2
печень телятина,2
краб тунец,2
фрукт фуа,2
орешек сыр,2
сладкое телятина,2
курица рагу,2
свинина утка,2
мёд сочетание,2
лосось щука,2
боб гребешок,2
гуляш сыр,2
плесень соус,2
ветчина сыр,2
оленина стейками,2
поросёнок сыр,2
брюла торт,2
лангуст эльзас,2
десерт сигара,2
приправа течение,2
лёгкое оленина,2
масло рыба,2
вкус моллюск,2
дополнение образец,2
сыр ягенкома,2
сардина сочетание,2
вино устрица,2
мясо тартар,2
рыба филе,2
барбекю сладкое,2
мёд розмарин,2
аперитив пикник,2
десерт рыба,2
время мясо,2
гриль кровь,2
сопровождение температура,2
мидия тунец,2
карри свинина,2
медитация равиоли,2
барашек дополнение,2
вино карпаччо,2
карпаччо прожарка,2
пара пекорино,2
баранина косточка,2
кухня осетрина,2
молодая суп,2
кулебяка кухня,2
перец тунец,2
овощ томат,2
bistecca caberlo,2
блюдо кулебяка,2
аперитив сардина,2
время гриль,2
брюла дичь,2
кабан оленина,2
барашек специя,2
стружка трубочка,2
грибов дичь,2
запеканка мясо,2
сыр эльзас,2
блюдо рислинг,2
гра дичь,2
стейк телятина,2
бел курица,2
большинство паста,2
горгонзол трюфель,2
молодая сопровождение,2
десерт трубочка,2
дичь индейка,2
плесень стейка,2
лангуст мюнстер,2
аккомпанемент горячее,2
вишня косточка,2
бри сыр,2
дичь копчёность,2
гриль угорь,2
гребешок утка,2
карпаччо птица,2
сопровождение цыплёнок,2
мясо сардина,2
ризотто устрица,2
грудинка соус,2
телятина форель,2
индейка специя,2
дополнение специя,2
петух соус,2
кролик рагу,2
мёд сэн,2
хамон чорисо,2
гребешок суп,2
перец стейка,2
лосось овощ,2
блюдо образец,2
икра салат,2
белые эльзас,2
выдержка свинина,2
овощ пара,2
выдержка косточка,2
закуска стейками,2
кролик морепродукт,2
белые мюнстер,2
вырезка мюнстер,2
боб утка,2
тунец фрукт,2
горячее качество,2
карри птица,2
ветчина мясо,2
вино торт,2
лосось телятина,2
свинина цыплёнок,2
прожарка ягнёнок,2
гра утка,2
кухня майоран,2
аккомпанемент гриль,2
икра цедра,2
блюдо лангуст,2
блюдо кебаб,2
икра фрукт,2
амарон медитация,2
боб курица,2
мидия перец,2
болоньеза закуска,2
закуска компаньон,2
говядина гребешок,2
паста течение,2
розмарин сочетание,2
гра фрукт,2
сопровождение устрица,2
суп утка,2
баранина горячее,2
caberlo вино,2
большинство гриль,2
осетрина пирог,2
говядина стейк,2
лангуст мясо,2
жюльеном сочетание,2
молодая телятина,2
горячее копчёность,2
десерт портвейн,2
жульен телятина,2
конт прожарка,2
жульен рагу,2
аперитив пирог,2
вырезка сыр,2
пирог сочетание,2
колбаска солянка,2
грудка закуска,2
дыня спаржа,2
говядина стракотто,2
оленина утка,2
форель эльзас,2
лука салями,2
курица пряность,2
кухня стейками,2
горячее телятина,2
гриль косточка,2
боб суп,2
вырезка сопровождение,2
брюла вино,2
трубочка фуа,2
качество копчёность,2
аперитив тоник,2
блюдо вырезка,2
дополнение трава,2
боб птица,2
дополнение медитация,2
блюдо пекорино,2
качество орешек,2
крем сыр,2
качество устрица,2
сладкое торт,2
количество паста,2
выдержка стейка,2
молодая спаржа,2
гриль течение,2
прожарка стейкома,2
моллюск приправа,2
краб тальятелла,2
кулебяка пирог,2
розмарин соус,2
ассорти птица,2
гриб ризотто,2
ризотто стейкома,2
копчёность холодное,2
bottarga рыба,2
дижестив лёгкое,2
дар мор,2
качество сардина,2
сопровождение шоколад,2
заяц кабан,2
bottarga цедра,2
паста телятина,2
брюла соус,2
угорь эльзас,2
прожарка салерс,2
блюдо сибас,2
гриль образец,2
мясо течение,2
часть ягнёнок,2
bourguignonne вино,2
вино креветка,2
лосось птица,2
телятина холодное,2
блюдо мёд,2
белые медитация,2
соус щука,2
осьминог соус,2
утка фуа,2
сибасс устрица,2
кухня свинин,2
салат сибасс,2
боб карпаччо,2
хамон чоризо,2
ризотто стинк,2
приправа соус,2
кухня овощ,2
сыр шейк,2
bourguignonne морепродукт,2
качество пирог,2
блюдо осетрина,2
баранина ростбиф,2
caberlo бифштекс,2
caberlo блюдо,2
гриб паста,2
сибасс сопровождение,2
соус фазан,2
соус тартар,2
свинина форель,2
течение тосканск,2
сладкое устрица,2
лобстер сочетание,2
белые курица,2
амарон вино,2
bufala аперитив,2
карри курица,2
кухня спаржа,2
баранина хамон,2
соус сэн,2
ветчина гриль,2
рёбрышко стейками,2
рыба улитка,2
говядина цыплёнок,2
mozzarella качество,2
лосось морепродукт,2
болоньеза говядина,2
колбаска кулебяка,2
приправа стракотто,2
стракотто течение,2
гриль лука,2
лёгкое ризотто,2
говядина горячее,2
кролик телятина,2
десерт стружка,2
мясо стракотто,2
блюдо перец,2
пряность птица,2
время течение,2
качество тоник,2
гребешок рагу,2
брюла сладкое,2
карри сочетание,2
тунец цедра,2
паппарделла соус,2
говядина голень,2
дичь часть,2
медитация образец,2
блюдо тальятелла,2
специя цыплёнок,2
горячее рыба,2
дополнение креветка,2
изделие мясо,2
краб шейк,2
рикотт стружка,2
косточка чернослив,2
рикотт сыр,2
бефстроганов телятина,2
bottarga салат,2
зайчатина кабан,2
паппарделла сыр,2
рыба тартар,2
телятина ягнятина,2
прожарка утка,2
пряность суп,2
блюдо капуста,2
крем мясо,2
вино спаржа,2
имбирь соус,2
осьминог салат,2
индейка рагу,2
курица шейк,2
кальмар осьминог,2
качество моцарелла,2
гра торт,2
сыр торт,2
рыба угорь,2
карри мясо,2
баранина птица,2
лапка тунец,2
вителло ризотто,2
десерт орешек,2
сыр сэн,2
мясо трапеза,2
молодая рагу,2
кухня оленина,2
салат утка,2
гриб кролик,2
аперитив моцарелла,2
майоран мюнстер,2
ассорти гриль,2
боб говядина,2
вишня оленина,2
большинство соус,2
caberlo fiorentina,2
вырезка кухня,2
лосось угорь,2
говядина имбирь,2
mozzarella аперитив,2
имбирь индейка,2
сочетание устрица,2
горячее соус,2
приправа птица,2
пара пирог,2
барбекю салат,2
крем соус,2
аперитив гра,2
мюнстер рыба,2
лобстер рак,2
борщ сыр,2
салат тальятелла,2
курица ягнятина,2
майоран рыба,2
паста сорт,2
блюдо вишня,2
молодая паста,2
гриль стракотто,2
выпечка салат,2
белые свинин,2
морепродукт форель,2
блюдо сорт,2
карпаччо суп,2
телятина угорь,2
моллюск птица,2
гра стружка,2
баранина свинина,2
качество свинин,2
говядина гриб,2
вино цедра,2
барбекю соус,2
говядина пара,2
морепродукт сибасс,2
кровь овощ,2
бел печень,2
зелень курица,2
гуляш индейка,2
курица сэн,2
приправа тосканск,2
гра паштет,2
гра свинина,2
сочетание щука,2
дополнение ризотто,2
торт фуа,2
салерс стейка,2
аперитив сибасс,2
сопровождение эльзас,2
аперитив дыня,2
выдержка овощ,2
дичь рёбрышко,2
коктейль сопровождение,2
гуляш имбирь,2
морепродукт тунец,2
кухня солянка,2
барбекю лёгкое,2
конт соус,2
белые трюфель,2
молодая птица,2
мясо печень,2
мидия сладкое,2
овощ цыплёнок,2
гуляш цыплёнок,2
блюдо печень,2
компаньон мясо,2
мясо эльзас,2
болоньеза изделие,2
бел вино,2
кулебяка осетрина,2
оленина птица,2
большинство вино,2
белые вырезка,2
гриль сардина,2
вино пекорино,2
косточка телятина,2
боб мясо,2
гребешок пряность,2
морепродукт суши,2
мёд сыр,2
свинина фуа,2
аккомпанемент копчёность,2
говядина перец,2
имбирь трава,2
время лука,2
вино крем,2
осетрина солянка,2
рак соус,2
горячее паста,2
сигара сухофрукты,2
закуска рёбрышко,2
пармезан салат,2
caberlo toscana,2
большинство колбаска,2
мясо тальятелла,2
гриль паштет,2
медитация рыба,2
вишня ягнёнок,2
закуска ягнёнок,2
паста приправа,2
гра трубочка,2
колбаса птица,2
свинина угорь,2
паста тартар,2
мёд рыба,2
сочетание сэн,2
mozzarella моцарелла,2
белые майоран,2
лосось утка,2
розмарин сэн,2
дичь тунец,2
выдержка прожарка,2
бофора стейка,2
лангуст рыба,2
блюдо вечеринка,2
паштет утка,2
мёд соус,2
косточка утка,2
гриль ростбиф,2
бофора салерс,2
мюнстер эльзас,2
барбекю вино,2
колбаска холодное,2
блюдо лазание,2
пирог рулька,2
пара паста,2
салями течение,2
лангуст сыр,2
крем торт,2
краб сопровождение,2
говядина приправа,2
птица устрица,2
салями тосканск,2
мясо томат,2
кухня плесень,2
голень ризотто,2
капуста солянка,2
боб пряность,2
вишня соус,2
приправа рыба,2
выпечка цедра,2
овощ тосканск,2
салерс сыр,2
артишок салат,2
крем шейк,2
лука овощ,2
закуска пара,2
мюнстер сопровождение,2
бефстроганов сыр,2
caberlo сыр,2
конт стейка,2
вино рислинг,2
вино десерт,2
вино моллюск,2
колбаска телятина,2
горячее колбаска,2
пряность рагу,2
аперитив барбекю,2
bourguignonne лапка,2
тальятелла шейк,2
каре седло,2
говядина плесень,2
пармезан устрица,2
гриль пирог,2
майоран сопровождение,2
дичь торт,2
барашек каре,2
барбекю выдержка,2
барбекю тунец,2
блюдо конт,2
косточка часть,2
паштет печень,2
индейка трава,2
конт цыплёнок,2
bottarga сыр,2
белые равиоли,2
bourguignonne бургиньон,2
мясо поросёнок,2
изделие паста,2
лука тосканск,2
колбаса колбаска,2
брюла сыр,2
рыба сэн,2
молодая свинина,2
трюфель ягнятина,2
сопровождение торт,2
говядина течение,2
вечеринка птица,2
рыба стракотто,2
перец салат,2
конт салерс,2
гриб утка,2
мясо шейк,2
bufala моцарелла,2
барашек трава,2
колбаса телятина,2
карпаччо пряность,2
вино лапка,2
мидия пармезан,2
белые лангуст,2
угорь форель,2
гриль перец,2
десерт пудинг,2
свинин ягнятина,2
колбаска соус,2
рыба цедра,2
лосось форель,2
alla caberlo,2
десерт птица,2
caberlo тосканск,2
кислотность соус,2
имбирь цыплёнок,2
выдержка холодное,2
рыба сорт,2
гребешок курица,2
голень ягнятина,2
bottarga вино,2
вино специя,2
выдержка тунец,2
болоньеза выдержка,2
салат цедра,2
вино кислотность,2
моллюск морепродукт,2
вишня телятина,2
лосось сардина,2
блюдо количество,2
омар сопровождение,2
птица сорт,2
компаньон рыба,2
перец рёбрышко,2
имбирь специя,2
вино образец,2
время стракотто,2
стружка сыр,2
вечеринка качество,2
гриб стейка,2
горгонзол сыр,2
телятина торт,2
барашек седло,2
дичь фазан,2
краб мидия,2
вино приправа,2
овощ стракотто,2
кухня ягнятина,2
пара рагу,2
рыба трава,2
мясо рис,2
гриль сладкое,2
курочка соус,2
дичь фуа,2
хамон ягнятина,2
морепродукт паэлье,2
вкус птица,2
мюнстер мясо,2
приправа салями,2
боб рагу,2
стинк ягнятина,2
карпаччо утка,2
время овощ,2
борщ говядина,2
крем телятина,2
амарон сопровождение,2
гра птица,2
гуляш трава,2
курица лёгкое,2
лука паста,2
овощ приправа,2
бел краб,2
баранина пряность,2
белые конт,2
аперитив выпечка,2
блюдо курочка,2
трава цыплёнок,2
белые суп,2
время рыба,2
стружка фуа,2
блюдо грибов,2
горячее колбаса,2
гриль запеканка,2
рыба течение,2
время тосканск,2
форель цыплёнок,2
кролик рыба,2
угорь цыплёнок,2
лазание овощ,2
гриль седло,2
креветка цыплёнок,2
лазание мясо,2
дижестив орешек,2
капуста осетрина,2
аперитив фуа,2
выпечка икра,2
бофора конт,2
дыня закуска,2
рыба тосканск,2
кухня лангуст,2
птица стейкома,2
пармезан тунец,2
молодая пицца,2
плесень салат,2
грудка карпаччо,2
блюдо щука,2
соус торт,2
caberlo рулька,2
вечеринка соус,2
аккомпанемент дичь,2
выпечка дижестив,2
блюдо яблоко,2
петух рагу,2
блюдо заяц,2
рагу суп,2
рыба сладкое,2
вителло говядина,2
конт морепродукт,2
bottarga выпечка,2
время салями,2
гребешок карпаччо,2
лангуст майоран,2
кухня холодное,2
гуляш соус,2
конт мясо,2
розмарин рыба,2
салат форель,2
вырезка лангуст,2
хамон ягнёнок,2
свинин сопровождение,2
мясо розмарин,2
закуска паштет,2
пицца салями,2
образец сыр,2
креветка осьминог,2
белые гребешок,2
дичь крем,2
крем тальятелла,2
барашек ягнёнок,2
вид салат,2
крем сладкое,2
блюдо солянка,2
мясо мёд,2
рагу трава,2
пряность рыба,2
говядина суп,2
орешек сопровождение,2
мясо фазан,2
caberlo дичь,2
рагу стейк,2
боб вино,2
гриб птица,2
сыр чернослив,2
говядина лука,2
майоран эльзас,2
мюнстер сыр,2
курочка рыба,2
кухня печень,2
блюдо стинк,3
пряность утка,3
аккомпанемент качество,3
событие ягнёнок,3
величие розмарин,3
краб перец,3
большинство телятина,3
выпечка фрукт,3
кухня событие,3
паста пирог,3
величие ягнёнок,3
бразато дичь,3
устрица холодное,3
сорт сыр,3
дичь кабан,3
блюдо косточка,3
горячее гриль,3
бефстроганов стейк,3
карпаччо рыба,3
alla бифштекс,3
белые креветка,3
время трюфель,3
toscana колбаса,3
блюдо форель,3
морепродукт пара,3
ossibuchi toscana,3
classico сопровождение,3
toscana блюдо,3
кухня медитация,3
вино дижестив,3
белые сопровождение,3
гриль пикник,3
тунец ягнёнок,3
аросто кухня,3
креветка морепродукт,3
очередь ягнёнок,3
гриль моллюск,3
грудка сыр,3
карри паста,3
карпаччо сопровождение,3
дичь стинк,3
amarone медитация,3
вино время,3
дичь пикник,3
курица суп,3
мидия салат,3
fiorentina тосканск,3
белые гра,3
бефстроганов блюдо,3
вино пирог,3
дичь заяц,3
брюла фуа,3
della вино,3
вино свинина,3
valpolicella сопровождение,3
очередь паста,3
розмарин сыр,3
гриб рыба,3
закуска спаржа,3
fiorentina сыр,3
ossibuchi блюдо,3
блюдо время,3
блюдо вителло,3
бразато ризотто,3
блюдо рёбрышко,3
выдержка ягнятина,3
рагу салат,3
alla вино,3
блюдо дыня,3
изыск ризотто,3
краб пармезан,3
мясо салями,3
время изыск,3
качество пикник,3
качество пицца,3
оленина свинина,3
кухня паштет,3
блюдо гуляш,3
болоньеза стейк,3
alla рулька,3
гриль эльзас,3
овощ тунец,3
дополнение телятина,3
бургиньон морепродукт,3
amarone сопровождение,3
аккомпанемент ягнёнок,3
качество фрукт,3
аросто соус,3
рулька тосканск,3
вителло кухня,3
гриль суши,3
мясо сорт,3
бразато соус,3
индейка качество,3
дичь тосканск,3
вино событие,3
перец сыр,3
колбаса паста,3
блюдо тосканск,3
дичь рулька,3
гребешок гриль,3
карпаччо сыр,3
аросто блюдо,3
бефстроганов паста,3
toscana тосканск,3
заяц мясо,3
гра сопровождение,3
блюдо хамон,3
вителло голень,3
выдержка лангустин,3
alla блюдо,3
toscana вино,3
аросто сыр,3
аперитив зелень,3
блюдо улитка,3
бразато мясо,3
classico медитация,3
пицца рыба,3
блюдо копчёность,3
выпечка рыба,3
пармезан перец,3
качество спаржа,3
утка ягнёнок,3
гриб закуска,3
вино курица,3
гриль событие,3
вино очередь,3
bistecca бифштекс,3
лапка морепродукт,3
паштет птица,3
лёгкое устрица,3
пицца птица,3
amarone quintarelli,3
белые краб,3
fiorentina бифштекс,3
вино розмарин,3
гриль медитация,3
аросто дичь,3
стинк трюфель,3
бифштекс дичь,3
дичь стейками,3
качество курица,3
toscana сыр,3
аперитив компаньон,3
alla тосканск,3
пицца холодное,3
alla bistecca,3
гребешок сочетание,3
лёгкое пирог,3
гриб пара,3
великое кухня,3
бифштекс рулька,3
бразато гриль,3
кролик курица,3
гриль копчёность,3
quintarelli valpolicella,3
прожарка стейками,3
качество число,3
величие гриль,3
дичь лёгкое,3
великое гриль,3
кальмар салат,3
рыба тунец,3
дичь каре,3
великое событие,3
белые лосось,3
карри салат,3
вителло карпаччо,3
изыск трюфель,3
кухня утка,3
бифштекс сыр,3
alla fiorentina,3
рыба томат,3
великое мясо,3
очередь сопровождение,3
блюдо томат,3
лёгкое тунец,3
бразато ягнёнок,3
блюдо очередь,3
индейка морепродукт,3
гра крем,3
каре оленина,3
fiorentina ossibuchi,3
лосось свинина,3
перец сладкое,3
колбаса тосканск,3
карпаччо мясо,3
время медитация,3
мясо событие,3
соус улитка,3
сочетание суши,3
вино рис,3
гриль розмарин,3
колбаска пикник,3
аперитив трава,3
выдержка рагу,3
голень стинк,3
сопровождение фрукт,3
кухня стинк,3
моллюск овощ,3
bistecca ossibuchi,3
закуска карпаччо,3
toscana бифштекс,3
fiorentina дичь,3
bistecca сыр,3
вино цыплёнок,3
пара розмарин,3
качество фуа,3
событие сопровождение,3
овощ ягнятина,3
гребешок качество,3
ossibuchi рулька,3
amarone вино,3
белые холодное,3
изыск кухня,3
прожарка сочетание,3
fiorentina колбаса,3
блюдо тартар,3
очередь сыр,3
салат телятина,3
вителло дичь,3
время дичь,3
сопровождение трапеза,3
белые овощ,3
величие пара,3
fiorentina вино,3
вино утка,3
бифштекс блюдо,3
аккомпанемент выдержка,3
говядина гуляш,3
оленина трава,3
valpolicella медитация,3
моллюск мясо,3
качество молодая,3
дополнение ягнёнок,3
свинин сочетание,3
выдержка индейка,3
закуска лосось,3
гра качество,3
свинина ягнёнок,3
блюдо величие,3
говядина трюфель,3
пирог сопровождение,3
закуска устрица,3
бел паштет,3
блюдо сочетаня,3
вино икра,3
выдержка салат,3
сопровождение фуа,3
кухня сочетаня,3
гребешок цыплёнок,3
болоньеза сыр,3
бел фуа,3
говядина тунец,3
величие вино,3
ossibuchi дичь,3
морепродукт число,3
аперитив фрукт,3
овощ устрица,3
бразато кухня,3
овощ форель,3
выпечка шоколад,3
зелень качество,3
соус форель,3
alla toscana,3
бефстроганов болоньеза,3
вино тосканск,3
toscana рулька,3
toscana дичь,3
сигара сыр,3
amarone della,3
баранина чорисо,3
дополнение закуска,3
гриль молодая,3
лосось фуа,3
лёгкое пикник,3
время ризотто,3
лангустин сыр,3
fiorentina toscana,3
дополнение зелень,3
ossibuchi сыр,3
bistecca рулька,3
гриль салями,3
дичь качество,3
гриль число,3
alla сыр,3
брюла крем,3
выдержка изделие,3
bistecca toscana,3
карпаччо тунец,3
дичь суп,3
блюдо стейкома,3
белые фуа,3
гриль каре,3
бургиньон лапка,3
пицца соус,3
холодное цыплёнок,3
alla ossibuchi,3
ossibuchi бифштекс,3
блюдо плесень,3
говядина курица,3
бразато сыр,3
fiorentina блюдо,3
омар свинина,3
della медитация,3
сочетание стейками,3
bistecca блюдо,3
bistecca fiorentina,3
карпаччо ягнятина,3
вкус мясо,3
овощ стейка,3
мидия морепродукт,3
мясо стейка,3
alla колбаса,3
дичь событие,3
аросто ризотто,3
карпаччо стинк,3
аперитив креветка,3
сочетаня сыр,3
блюдо креветка,3
лука мясо,3
аросто бразато,3
bistecca дичь,3
вид сыр,3
болоньеза мясо,3
качество утка,3
бифштекс колбаса,3
очередь рис,3
кухня пирог,3
аккомпанемент оленина,3
выдержка оленина,3
колбаска паста,3
овощ суп,3
della quintarelli,3
аперитив свинина,3
вителло стинк,3
бел гра,3
барбекю кухня,3
краб морепродукт,3
вино изыск,3
аросто гриль,3
bistecca колбаса,3
amarone classico,3
classico valpolicella,3
вино шоколад,3
салат сладкое,3
время кухня,3
изыск медитация,3
печень сыр,3
мидия соус,3
закуска рагу,3
лосось цыплёнок,3
сочетание цыплёнок,3
bistecca тосканск,3
грудка мясо,3
сопровождение сочетание,3
classico вино,3
бифштекс вино,3
мидия рыба,3
сыр тосканск,3
краб сладкое,3
аросто мясо,3
птица утка,3
вино ягнятина,3
дичь изыск,3
заяц сыр,3
индейка рыба,3
аросто ягнёнок,3
гриль чорисо,3
вино выпечка,3
крем фуа,3
выдержка дополнение,3
курица овощ,3
кабан мясо,3
краб свинина,3
ossibuchi вино,3
сочетание трюфель,3
amarone valpolicella,3
выдержка краб,3
закуска кролик,3
вино фрукт,3
салями сыр,3
грудка рыба,3
лосось тунец,3
бифштекс тосканск,3
гра лосось,3
classico della,3
аперитив утка,3
аперитив число,3
пирог птица,3
пара сопровождение,3
дичь свинина,3
моллюск форель,3
bistecca вино,3
рулька сыр,3
говядина индейка,3
птица суп,3
fiorentina рулька,3
ossibuchi тосканск,3
ossibuchi колбаса,3
икра сыр,3
зелень лёгкое,3
жаркое птица,3
alla дичь,3
ризотто ягнёнок,3
белые утка,3
della valpolicella,3
приправа сыр,3
блюдо бразато,3
вителло трюфель,3
classico quintarelli,3
качество медитация,3
свинина эльзас,3
кухня эльзас,3
della сопровождение,3
очередь соус,3
сыр форель,3
гребешок рыба,3
вкус очередь,3
великое дичь,3
спаржа сыр,3
брюла гра,3
закуска индейка,3
говядина чорисо,3
пара птица,3
блюдо приправа,3
компаньон лёгкое,3
карпаччо морепродукт,3
блюдо лапка,3
бел кухня,3
valpolicella вино,3
закуска утка,3
блюдо изыск,3
пикник пицца,3
гриль изделие,3
курица ризотто,3
сочетание специя,3
говядина стейкома,4
качество лосось,4
chavignol гребешок,4
телятина шукрут,4
оленина рагу,4
груша дижестив,4
гребешок шавиньоль,4
кухня сладкое,4
качество сигара,4
гусь эльзас,4
haute сочетание,4
гра пирог,4
свинина сладкое,4
вечеринка пицца,4
сладкое фуа,4
омар сыр,4
жаркое ягнятина,4
телятина трюфель,4
пирог рыба,4
лёгкое сен,4
лосось стейкома,4
свинин специя,4
гриль суп,4
оленина телятина,4
пара соус,4
кальмар рыба,4
конт сочетание,4
белые устрица,4
блюдо стейк,4
индейка курица,4
гастрономия телятина,4
бланманже пирог,4
пирог фуа,4
аперитив омар,4
жак лёгкое,4
сопровождение суп,4
горячее сочетание,4
паста свинина,4
курица свинина,4
гриль кальмар,4
кролик паста,4
гриль стейк,4
гра морепродукт,4
мясо сладкое,4
вино горячее,4
жак сопровождение,4
курица птица,4
белые кролик,4
качество температура,4
блюдо гастрономия,4
вино оленина,4
колбаса рулька,4
голень карпаччо,4
бланманже гра,4
баранина стейками,4
сёмга телятина,4
кальмар соус,4
гусь сёмга,4
свинина чернослив,4
мясо пирог,4
блюдо жак,4
кухня равиоли,4
гусь птица,4
птица рулька,4
haute сыр,4
дичь морепродукт,4
вино омар,4
cuisine haut,4
блюдо число,4
ризотто ягнятина,4
медитация ризотто,4
гребешок сен,4
мясо рёбрышко,4
салат шейк,4
мясо число,4
выдержка качество,4
вино сёмга,4
chavignol аперитив,4
гребешок жак,4
гусь шукрут,4
птица шукрут,4
блюдо сен,4
аперитив шавиньоль,4
дополнение кальмар,4
жак лосось,4
птица сёмга,4
качество холодное,4
пирог салат,4
пармезан сладкое,4
мясо пекорино,4
chavignol манго,4
бланманже десерт,4
дижестив фуа,4
овощ ризотто,4
выдержка курица,4
сен сопровождение,4
говядина стейками,4
мясо приправа,4
crottin гребешок,4
рёбрышко филе,4
гриб соус,4
косточка оленина,4
гриль курица,4
сочетание суп,4
манго соус,4
chavignol блюдо,4
голень трюфель,4
лосось сыр,4
специя трава,4
вино гребешок,4
аперитив моллюск,4
пекорино сыр,4
haut блюдо,4
говядина филе,4
рулька телятина,4
паста салями,4
гра сладкое,4
груша десерт,4
морепродукт фуа,4
барбекю блюдо,4
розмарин ягнёнок,4
бел салат,4
haut сыр,4
птица эльзас,4
crottin сыр,4
карпаччо соус,4
бланманже груша,4
гребешок лёгкое,4
белые спаржа,4
блюдо десерт,4
рыба салями,4
деликатес дичь,4
манго сыр,4
гусь телятина,4
сыр шавиньоль,4
сигара сопровождение,4
дичь хамон,4
сопровождение чернослив,4
вино лосось,4
рыба фрукт,4
краб лангустин,4
курица свинин,4
десерт орех,4
пармезан соус,4
бел гриль,4
мясо суши,4
haut сочетание,4
chavignol crottin,4
аккомпанемент мясо,4
блюдо карри,4
гастрономия шукрут,4
сёмга шукрут,4
лёгкое птица,4
блюдо голень,4
гребешок сопровождение,4
мясо перец,4
crottin манго,4
креветка мясо,4
телятина чернослив,4
вино рагу,4
груша фуа,4
chavignol шавиньоль,4
паста стейк,4
блюдо салями,4
деликатес сыр,4
жак сен,4
лёгкое цыплёнок,4
гастрономия рыба,4
гастрономия птица,4
молодая салат,4
crottin блюдо,4
гра дижестив,4
птица чернослив,4
вино гусь,4
блюдо большинство,4
аперитив равиоли,4
блюдо компаньон,4
аперитив конт,4
гриль стейкома,4
выдержка сопровождение,4
свинин стейка,4
медитация трюфель,4
дичь сладкое,4
соус шавиньоль,4
изделие сыр,4
вечеринка паста,4
crottin шавиньоль,4
блюдо деликатес,4
баранина свинин,4
crottin аперитив,4
колбаска лёгкое,4
гриль деликатес,4
говядина пряность,4
грудка соус,4
сладкое сопровождение,4
морепродукт спаржа,4
курица холодное,4
груша пирог,4
блюдо болоньеза,4
гусь рулька,4
суши сыр,4
вино гастрономия,4
овощ птица,4
аперитив дичь,4
chavignol соус,4
кухня омар,4
вечеринка вино,4
аперитив суши,4
кухня лосось,4
гастрономия эльзас,4
деликатес кухня,4
блюдо шавиньоль,4
лосось ризотто,4
crottin соус,4
дополнение кухня,4
пара ягнёнок,4
гриб гриль,4
закуска пирог,4
индейка овощ,4
бланманже дижестив,4
горячее дичь,4
гребешок морепродукт,4
бланманже сыр,4
вино сладкое,4
гра груша,4
лосось сен,4
сёмга эльзас,4
мясо пармезан,4
аперитив выдержка,4
омар равиоли,4
качество моллюск,4
манго шавиньоль,4
выдержка свинин,4
гриль омар,4
кухня свинина,4
гастрономия гусь,4
сочетание фрукт,4
бланманже фуа,4
мясо спаржа,4
орех сопровождение,4
гусь рыба,4
деликатес колбаска,4
говядина утка,4
голень дичь,4
мясо свинин,4
рулька сёмга,4
гриль филе,4
гастрономия сёмга,4
кабан сыр,4
пирог соус,4
дичь пара,4
дижестив сигара,4
гастрономия рулька,4
chavignol сыр,4
голень кухня,4
гребешок манго,4
десерт пара,5
вино эльзас,5
десерт температура,5
stilton пара,5
гриль жаркое,5
горячее закуска,5
гребешок мясо,5
выдержка колбаса,5
блюдо сладкое,5
рулет телятина,5
омар рулет,5
quintarelli вино,5
морепродукт телятина,5
вкус сопровождение,5
свинина телятина,5
жаркое филе,5
омар телятина,5
салат свинина,5
рулет рыба,5
лосось сопровождение,5
вино фуа,5
бел морепродукт,5
каре сопровождение,5
качество форель,5
краб сыр,5
салат фрукт,5
аперитив форель,5
креветка сыр,5
пряность соус,5
качество паста,5
вино вкус,5
паста тунец,5
паста суп,5
вино гра,5
закуска телятина,5
горький тарелка,5
паштет специя,5
соус филе,5
рыба форель,5
великое жаркое,5
гриль краб,5
аперитив индейка,5
блюдо фрукт,5
баранина тандурь,5
морепродукт свинин,5
копчёность мясо,5
мясо тунец,5
великое трава,5
рагу трюфель,5
телятина трава,5
курица пицца,5
салат устрица,5
карпаччо трюфель,5
омар специя,5
жаркое сопровождение,5
блюдо сёмга,5
аперитив температура,5
рулька эльзас,5
haute блюдо,5
блюдо каре,5
баранина великое,5
жаркое каре,5
аперитив устрица,5
горький качество,5
cuisine haute,5
белые выдержка,5
морепродукт сладкое,5
блюдо гусь,5
великое филе,5
десерт пирог,5
тарелка шоколад,5
гриль форель,5
лёгкое молодая,5
лангустин специя,5
закуска тунец,5
компаньон сыр,5
дополнение качество,5
гриль фуа,5
молодая сочетание,5
аперитив свинин,5
аперитив пара,5
кухня суши,5
тандурь ягнёнок,5
паста рис,5
блюдо шейк,5
говядина прожарка,5
рыба сёмга,5
зелень морепродукт,5
сопровождение трава,5
рулет специя,5
закуска курица,5
stilton сыр,5
великое тандурь,5
вино каре,5
блюдо великое,5
салат свинин,5
выпечка десерт,5
горячее мясо,5
сыр шоколад,5
краб омар,5
баранина филе,5
вино колбаска,5
аперитив лосось,5
рулька рыба,5
мясо прожарка,5
горький десерт,5
мясо рагу,5
тандурь филе,5
каре филе,5
вкус паста,5
лёгкое фрукт,5
stilton плесень,5
рыба шукрут,5
выдержка сочетание,5
каре тандурь,5
бел цыплёнок,5
закуска пикник,5
лангустин телятина,5
гриль цыплёнок,5
говядина петух,5
соус спаржа,5
трава филе,5
stilton десерт,5
лангустин омар,5
дичь чернослив,5
тандурь трава,5
гриль прожарка,5
соус стейками,5
горький сочетание,5
вино суп,5
груша сыр,5
рулет соус,5
телятина цыплёнок,5
баранина каре,5
рис соус,5
лосось лёгкое,5
зелень салат,5
вкус ягнёнок,5
индейка соус,5
качество тарелка,5
карпаччо кухня,5
соус суши,5
quintarelli медитация,5
блюдо тандурь,5
пара плесень,5
рис ягнёнок,5
сопровождение тандурь,5
дичь стейкома,5
краб салат,5
закуска цыплёнок,5
гребешок лосось,5
дижестив пирог,5
каре трава,5
вкус рис,5
рулька шукрут,5
гра гриль,5
баранина петух,5
утка ягнятина,5
пряность сыр,5
говядина свинина,5
жаркое тандурь,5
гриб сыр,5
рыба специя,5
вино тандурь,5
вино филе,5
омар паштет,5
рыба утка,5
дичь трава,5
шукрут эльзас,5
барбекю закуска,5
блюдо чернослив,5
quintarelli сопровождение,5
морепродукт утка,5
рис сопровождение,5
аперитив манго,5
паштет рулет,5
барбекю мясо,5
блюдо манго,5
лангустин паштет,5
вино шукрут,5
блюдо шукрут,5
дичь карпаччо,5
косточка соус,5
качество омар,5
медитация сопровождение,5
жаркое ягнёнок,5
гриль колбаса,5
великое каре,5
горький дижестив,5
ризотто суп,5
жаркое трава,5
stilton сочетание,5
морепродукт пирог,5
вино трюфель,5
креветка соус,5
морепродукт омар,5
моллюск соус,5
лангустин рулет,5
вино стейками,6
вино тунец,6
птица свинина,6
сольдёр сопровождение,6
морепродукт пицца,6
блюдо паштет,6
особенность сольдёр,6
бефстроганов гриль,6
сочетание шоколад,6
гра телятина,6
блюдо краб,6
белые дичь,6
гриль специя,6
блюдо пирог,6
дичь салат,6
блюдо розмарин,6
блюдо равиоли,6
блюдо омар,6
телятина эльзас,6
конт сыр,6
гриль оленина,6
говядина оленина,6
гриль устрица,6
кухня птица,6
дополнение птица,6
петух сыр,6
говядина рёбрышко,6
рис сыр,6
птица ризотто,6
сочетание тарелка,6
мясо пицца,6
омар соус,6
вино пицца,6
пара сочетание,6
паста холодное,6
сыр тунец,6
вино овощ,6
курица утка,6
мясо равиоли,6
копчёность сыр,6
блюдо сольдёр,6
индейка утка,6
вино равиоли,6
колбаска пицца,6
пара рыба,6
соус чернослив,6
каре соус,6
выпечка сыр,6
гребешок птица,6
горький шоколад,6
дичь косточка,6
блюдо стейка,6
баранина специя,6
десерт тарелка,6
салат спаржа,6
кухня сольдёр,6
сочетание утка,6
десерт шоколад,6
аккомпанемент соус,6
молодая соус,6
телятина фуа,6
сопровождение сухофрукты,6
кухня ягнёнок,6
дичь колбаска,6
рыба суши,6
мясо трюфель,6
аперитив ризотто,6
особенность сопровождение,6
гриль индейка,6
блюдо суши,6
дижестив шоколад,6
морепродукт равиоли,6
гриль карпаччо,6
колбаса мясо,6
мясо цыплёнок,6
баранина выдержка,6
мясо трава,6
дижестив тарелка,6
вино сольдёр,6
вино ризотто,6
салат суп,6
говядина молодая,6
соус устрица,6
индейка ягнёнок,6
соус ягнятина,6
выдержка утка,6
качество равиоли,6
горячее сыр,6
говядина дополнение,6
говядина косточка,6
говядина специя,6
гриль хамон,6
болоньеза гриль,6
сопровождение филе,6
мясо хамон,6
лосось салат,6
десерт плесень,6
колбаска сыр,6
курица паста,6
рёбрышко ягнёнок,6
кухня особенность,6
ризотто трюфель,6
качество шоколад,6
вино особенность,6
аперитив цыплёнок,6
дичь холодное,6
колбаска кухня,6
молодая мясо,6
паштет соус,6
десерт салат,6
рыба спаржа,6
гриль креветка,6
блюдо стейками,6
равиоли рыба,6
курица сопровождение,6
курица сочетание,7
овощ свинин,7
говядина трава,7
сочетание фуа,7
мясо паштет,7
вино холодное,7
вкус соус,7
морепродукт цыплёнок,7
рагу сочетание,7
равиоли сыр,7
аперитив спаржа,7
прожарка стейка,7
вино жаркое,7
сочетание холодное,7
лёгкое овощ,7
аперитив пицца,7
говядина холодное,7
кухня телятина,7
блюдо спаржа,7
каре сыр,7
моллюск рыба,7
вино колбаса,7
выдержка кролик,7
белые закуска,7
молодая овощ,7
блюдо эльзас,7
вино пара,7
креветка салат,7
кролик ягнёнок,7
блюдо рагу,7
говядина чернослив,7
вино трава,7
гриль лосось,7
дополнение лёгкое,7
баранина рагу,7
морепродукт ризотто,7
дополнение мясо,7
кухня трюфель,7
сладкое сыр,7
стейкома ягнёнок,7
краб рыба,7
креветка рыба,7
дополнение морепродукт,7
трюфель утка,7
баранина жаркое,7
соус стейка,7
специя телятина,7
дичь жаркое,7
гра сочетание,7
блюдо рис,7
моллюск сыр,7
рыба свинин,7
паштет сыр,7
блюдо индейка,7
десерт фрукт,7
морепродукт свинина,7
салат тунец,7
блюдо колбаса,7
паштет телятина,7
паста ягнёнок,7
птица сочетание,7
белые кухня,7
мясо оленина,7
блюдо цыплёнок,7
овощ рагу,7
закуска овощ,8
белые паста,8
дичь стейка,8
баранина салат,8
белые лёгкое,8
блюдо рулька,8
мясо фуа,8
баранина сочетание,8
соус трава,8
говядина свинин,8
баранина сопровождение,8
индейка сыр,8
мясо специя,8
паста сопровождение,8
гра мясо,8
вино пикник,8
аперитив гребешок,8
лосось мясо,8
cuisine сочетание,8
рагу утка,8
гриль холодное,8
горячее холодное,8
закуска кухня,8
дичь паста,8
паста ризотто,8
cuisine сыр,8
овощ паста,8
пицца салат,8
говядина карпаччо,8
закуска суп,8
мясо свинина,8
мясо устрица,8
рёбрышко сыр,8
дичь дополнение,8
лёгкое суп,8
лосось сочетание,8
свинина сочетание,8
блюдо устрица,8
говядина салат,8
бел сыр,8
краб соус,8
гриль пара,8
телятина ягнёнок,8
дичь рыба,8
закуска качество,8
свинин соус,8
блюдо моллюск,8
морепродукт холодное,8
выдержка морепродукт,8
болоньеза паста,8
гриль стейка,8
вино рулька,8
суп сыр,9
морепродукт устрица,9
аккомпанемент сыр,9
сыр цыплёнок,9
качество овощ,9
сыр фрукт,9
сопровождение телятина,9
ризотто сочетание,9
закуска колбаска,9
оленина сочетание,9
десерт сухофрукты,9
говядина сопровождение,9
говядина кролик,9
прожарка соус,9
аккомпанемент блюдо,9
белые сочетание,9
лёгкое соус,9
cuisine блюдо,9
лёгкое холодное,9
пицца сочетание,9
блюдо молодая,9
выдержка паста,9
кухня лёгкое,9
закуска молодая,9
баранина оленина,9
аперитив молодая,9
соус холодное,9
великое сопровождение,9
соус тунец,9
рыба эльзас,9
говядина сочетание,9
морепродукт суп,9
говядина овощ,9
лосось рыба,9
гриль ризотто,9
блюдо колбаска,9
колбаса соус,9
белые ризотто,9
барбекю сыр,9
морепродукт овощ,9
гребешок соус,9
пирог сыр,9
соус трюфель,9
овощ ягнёнок,9
плесень сочетание,9
великое ягнёнок,9
аперитив холодное,9
дичь колбаса,9
выдержка рыба,9
блюдо трава,9
кухня салат,9
ризотто соус,9
гриль рёбрышко,9
мясо омар,9
белые качество,9
сыр хамон,9
овощ сочетание,9
великое вино,9
овощ салат,9
гребешок сыр,9
блюдо жаркое,10
рыба устрица,10
блюдо петух,10
бургиньон кролик,10
беф петух,10
беф бургиньон,10
медитация мясо,10
говядина стейка,10
ризотто рыба,10
барашек беф,10
бургиньон петух,10
десерт фуа,10
паштет рыба,10
бургиньон кухня,10
выдержка птица,10
филе ягнёнок,10
бургиньон дичь,10
барашек кухня,10
блюдо горячее,10
дополнение рыба,10
соус специя,10
беф мясо,10
барашек кролик,10
гриль дополнение,10
гриль петух,10
косточка ягнёнок,10
аперитив дополнение,10
белые вино,10
беф блюдо,10
дижестив сопровождение,10
рыба фуа,10
прожарка сыр,10
ассорти телятина,10
барашек бургиньон,10
барашек петух,10
рыба суп,10
кролик петух,10
беф дичь,10
рёбрышко соус,10
говядина паста,10
гра десерт,10
птица сопровождение,10
мясо пара,10
дичь прожарка,10
беф кролик,10
молодая морепродукт,10
соус цыплёнок,10
жаркое сыр,10
закуска сопровождение,10
аперитив курица,10
кухня ризотто,10
беф вино,10
ассорти соус,10
лёгкое пицца,10
беф гриль,10
ассорти баранина,10
говядина птица,10
дичь свинин,10
мясо стейками,10
гра рыба,10
баранина утка,10
перец соус,10
сыр холодное,10
барашек мясо,10
беф кухня,10
кролик птица,10
барашек блюдо,10
курица соус,10
кухня петух,10
блюдо специя,10
бургиньон мясо,10
кухня паста,10
мясо суп,10
мясо петух,10
косточка сыр,11
гриль ягнятина,11
дичь медитация,11
дичь ризотто,11
лангустин лобстер,11
курица мясо,11
лобстер птица,11
дичь оленина,11
мясо стейкома,11
баранина вино,11
бел лангустин,11
аперитив овощ,11
рыба свинина,11
лосось соус,11
пицца сыр,11
блюдо пицца,11
ассорти блюдо,11
белые лобстер,11
бел белые,11
бел лобстер,11
дополнение салат,11
курица рыба,11
лобстер мясо,11
вино дополнение,11
гриль пицца,11
лёгкое сопровождение,11
вино лёгкое,11
гриль стейками,11
стейка сыр,11
дижестив сочетание,11
бургиньон гриль,11
блюдо тунец,11
колбаса сыр,11
лангустин птица,11
стейкома сыр,12
плесень сыр,12
десерт сопровождение,12
качество орех,12
блюдо ягнятина,12
гра кухня,12
морепродукт птица,12
дичь специя,12
дичь ягнятина,12
закуска птица,12
говядина мясо,12
сочетание телятина,12
кухня фуа,12
вино кролик,12
гриль трава,12
ассорти мясо,12
дополнение соус,12
птица салат,12
бургиньон вино,12
орех сыр,12
соус стейкома,12
бел птица,12
качество кухня,12
лёгкое паста,12
аперитив десерт,12
блюдо лангустин,12
блюдо свинина,12
барашек дичь,12
дичь рагу,12
барашек вино,12
блюдо лобстер,12
жаркое мясо,12
рагу ягнёнок,12
свинин телятина,12
молодая рыба,12
стейками сыр,12
дижестив орех,13
рыба холодное,13
ризотто сыр,13
баранина трава,13
белые салат,13
качество птица,13
вино салат,13
блюдо карпаччо,13
рыба цыплёнок,13
орех сухофрукты,13
блюдо бургиньон,13
закуска пицца,13
десерт лёгкое,13
пара сыр,13
салат холодное,13
свинина соус,13
трава ягнёнок,13
вино говядина,13
лобстер соус,13
ассорти сыр,13
соус фуа,14
мясо ягнятина,14
блюдо гребешок,14
белые лангустин,14
выдержка телятина,14
вино паста,14
салат сопровождение,14
дополнение сыр,14
краб мясо,14
мясо утка,14
выдержка закуска,14
лобстер рыба,14
омар рыба,14
сухофрукты сыр,14
каре ягнёнок,14
кролик кухня,14
мясо холодное,14
телятина утка,14
гриль кролик,14
гра соус,14
сладкое соус,14
лангустин мясо,14
баранина ягнёнок,14
качество сухофрукты,15
кролик сыр,15
гриль свинин,15
дичь утка,15
гриль птица,15
блюдо трюфель,15
сыр фуа,15
гра сыр,15
дичь овощ,15
рагу телятина,15
гриль свинина,15
сопровождение ягнёнок,15
барашек гриль,15
птица телятина,15
блюдо суп,15
паста пицца,15
свинина сыр,15
сыр трюфель,15
бел мясо,16
блюдо гра,16
аперитив суп,16
дижестив сухофрукты,16
рагу соус,16
блюдо фуа,16
курица морепродукт,16
аперитив паста,16
лангустин рыба,16
сыр трава,16
дичь петух,16
мясо ризотто,16
качество сопровождение,17
морепродукт сопровождение,17
курица сыр,17
сыр ягнятина,17
вино петух,17
блюдо лосось,17
блюдо пара,17
сочетание ягнёнок,17
кухня сопровождение,17
морепродукт паста,17
дичь трюфель,17
паста салат,17
специя сыр,17
паста птица,17
дичь закуска,17
оленина ягнёнок,18
паста сочетание,18
десерт сочетание,18
гриль колбаска,18
оленина соус,19
кролик мясо,19
качество соус,19
аперитив белые,19
овощ телятина,19
лангустин соус,19
овощ рыба,19
гриль лёгкое,19
сопровождение соус,19
аперитив птица,19
блюдо дополнение,19
вино качество,19
вино закуска,19
вино телятина,19
гриль сопровождение,19
вино морепродукт,19
рыба сопровождение,20
выдержка ягнёнок,20
дичь птица,20
паста рыба,20
говядина рагу,20
блюдо свинин,20
говядина телятина,20
выдержка гриль,21
гриль утка,21
говядина закуска,21
гриль рагу,21
выдержка дичь,21
гриль салат,21
кухня морепродукт,21
свинин сыр,21
бел блюдо,21
мясо цуккиня,22
рыба телятина,22
баклажан сочетание,22
вино гриб,22
блюдо цуккиня,22
пряность цуккиня,22
блюдо холодное,22
баклажан цуккиня,22
баклажан вино,22
гриб цуккиня,22
курица салат,22
баклажан гриб,22
белые гриль,22
дичь цуккиня,22
мясо овощ,22
баклажан пряность,22
вино цуккиня,22
сочетание цуккиня,22
дичь кролик,22
баклажан дичь,22
выдержка говядина,23
гриб пряность,23
баклажан мясо,23
блюдо оленина,23
аперитив вино,23
закуска соус,23
кролик соус,23
белые птица,23
закуска сочетание,23
баклажан блюдо,23
гриль качество,24
пряность сочетание,24
закуска паста,24
дичь сопровождение,24
аперитив сопровождение,24
блюдо ризотто,24
белые морепродукт,24
бел соус,24
гриб мясо,24
вино пряность,25
дичь пряность,25
лёгкое сочетание,25
соус утка,25
дижестив сыр,25
десерт качество,25
десерт дижестив,25
баранина мясо,25
вино ягнёнок,25
мясо пряность,25
гриб дичь,25
баранина телятина,26
дижестив качество,26
вино птица,26
гриб сочетание,26
блюдо овощ,26
блюдо кролик,26
качество салат,27
молодая сыр,27
блюдо пряность,27
медитация сыр,27
вкус особенность,28
лёгкое мясо,28
гриль закуска,28
гра фуа,28
блюдо медитация,28
вкус голубь,28
бордель вкус,28
вкус дичь,28
вкус филе,28
рагу сыр,28
салат соус,29
гриль паста,29
мясо телятина,29
десерт сыр,29
качество лёгкое,29
белые сыр,29
блюдо утка,30
закуска холодное,30
бел рыба,30
овощ соус,30
сыр утка,31
аперитив кухня,31
блюдо гриб,31
качество сочетание,31
аперитив гриль,31
закуска морепродукт,31
баранина дичь,31
бордель голубь,32
салат сочетание,32
голубь филе,32
бордель дичь,32
бордель филе,32
блюдо курица,32
особенность филе,32
дичь филе,32
голубь особенность,32
дичь особенность,32
голубь дичь,32
блюдо бордель,32
лёгкое сыр,32
блюдо голубь,32
бордель особенность,32
особенность сыр,32
бордель сыр,32
выдержка мясо,32
мясо ягнёнок,32
голубь сыр,32
закуска мясо,33
гриль кухня,33
гриль телятина,33
кухня рыба,33
лёгкое рыба,34
блюдо выдержка,34
мясо сопровождение,34
вино рыба,34
блюдо вкус,35
паста сыр,35
вкус сыр,36
оленина сыр,36
аперитив соус,36
сыр филе,36
баранина гриль,36
кухня соус,36
мясо паста,36
морепродукт соус,37
дичь телятина,37
овощ сыр,37
лёгкое морепродукт,38
блюдо особенность,38
паста соус,38
качество мясо,38
вино медитация,39
баранина говядина,39
вино сочетание,39
белые соус,39
кухня сочетание,40
баранина блюдо,40
блюдо филе,40
сопровождение сыр,41
вино сопровождение,42
дичь кухня,42
закуска салат,42
мясо салат,42
вино соус,43
качество рыба,43
говядина гриль,43
салат сыр,43
баранина соус,43
гриль овощ,44
выдержка соус,44
птица сыр,44
говядина ягнёнок,45
вино кухня,45
морепродукт сочетание,45
рыба сочетание,45
гриль морепродукт,46
качество морепродукт,46
белые блюдо,47
закуска рыба,47
блюдо ягнёнок,47
гриль сочетание,47
блюдо говядина,48
рыба салат,49
белые рыба,49
птица рыба,50
аперитив закуска,50
морепродукт мясо,52
вино гриль,54
соус сочетание,54
качество сыр,55
кухня сыр,56
блюдо паста,56
блюдо телятина,57
закуска сыр,59
блюдо качество,60
аперитив лёгкое,61
лёгкое салат,61
дичь ягнёнок,62
гриль ягнёнок,62
морепродукт салат,62
говядина дичь,65
блюдо лёгкое,66
аперитив сочетание,66
закуска лёгкое,67
птица соус,68
аперитив мясо,68
блюдо сопровождение,69
говядина соус,70
мясо птица,71
белые мясо,72
аперитив салат,72
блюдо птица,72
дичь сочетание,74
кухня мясо,74
аперитив сыр,76
баранина сыр,76
блюдо салат,76
соус ягнёнок,80
блюдо закуска,80
соус телятина,81
сыр телятина,82
морепродукт сыр,85
выдержка сыр,89
гриль рыба,94
мясо сочетание,98
аперитив рыба,98
аперитив качество,98
вино мясо,102
рыба сыр,104
рыба соус,104
вино дичь,105
аперитив морепродукт,106
вино сыр,106
говядина сыр,108
гриль соус,108
сыр ягнёнок,108
морепродукт рыба,109
сочетание сыр,129
гриль дичь,129
мясо рыба,130
блюдо морепродукт,142
аперитив блюдо,148
блюдо кухня,157
блюдо гриль,163
дичь соус,165
блюдо вино,167
блюдо сочетание,172
мясо соус,173
блюдо рыба,183
блюдо соус,204
гриль мясо,222
гриль сыр,231
соус сыр,255
дичь мясо,286
блюдо дичь,318
дичь сыр,368
мясо сыр,377
блюдо мясо,394
блюдо сыр,463
