мясо равиоли,1
паста яркий,1
блюдо мясной,1
деликатес тосканский,1
высокий кухня,1
гриль лёгкое,1
аперитив освежать,1
гриб паста,1
омар рыба,1
моллюск морепродукт,1
дополнение отличный,1
молодая сыр,1
дополнение рыбный,1
речной рыба,1
белые также,1
гриб овощ,1
вино идеально,1
козий сыр,1
рыбный сочетаться,1
летний салат,1
отличный подавать,1
мясной паста,1
молодая рыба,1
аперитив вино,1
салат холодное,1
cочетаться лёгкое,1
морепродукт сочетаться,1
компаньон лёгкое,1
паста рыба,1
рыба тартар,1
качество рекомендоваться,1
гриль пряный,1
подойти салями,1
блюдо морской,1
идеально морепродукт,1
моллюск рыба,1
идеально сочетаться,1
аперитив сочетаться,1
аперитив сочетание,1
дичь сочетаться,1
кровяной сыр,1
блюдо итальянский,1
морепродукт рыба,1
аперитив холодное,1
рыба сочетаться,1
вино высокий,1
белые рыба,1
сочетаться тартар,1
летний морепродукт,1
сочетание также,1
жареный кухня,1
лёгкое сочетаться,1
соус яркий,1
морепродукт сыр,1
гриль устрица,1
аперитив идеально,1
отличный пара,1
гастрономичный очень,1
белый омар,1
блюдо овощ,1
равиоли сыр,1
аперитив салат,1
жареный овощ,1
гриль овощ,1
белый мясо,1
мясо пара,1
морской речной,1
не слишком пряный,1
гриль дичь,1
итальянский паста,1
колбаска отличный,1
моллюск моллюск,1
гриль мясной,1
выдержать сыр,1
идеально подойти,1
cочетаться аперитив,1
зелёный салат,1
мясо овощ,1
не слишком салями,1
аперитив компаньон,1
блюдо отличный,1
деликатес отличный,1
вино гастрономичный,1
блюдо рецепт,1
морепродукт паста,1
идеально качество,1
зелёный лёгкое,1
кухня тосканский,1
колбаска кровяной,1
морепродукт овощ,1
провансальский рыба,1
блюдо выдержать,1
рыба устрица,1
козий рыба,1
отличный стать,1
мясной соус,1
провансальский рецепт,1
азиатский блюдо,2
аперитив блюдо,2
блюдо рыба,2
аперитив также,2
блюдо салат,2
лёгкое сочетание,2
блюдо рыбный,2
азиатский кухня,2
белые мясо,2
жареный рыба,2
блюдо пряный,2
аперитив качество,3
блюдо морепродукт,3
лёгкое салат,3
аперитив лёгкое,4
аперитив отличный,5
